fasta_id	enzyme_id	true_labels	predicted_labels	true_vector	pred_vector	score_vector
Aagr_HCT6_QPI70575.1	Aagr_HCT6_QPI70575.1	donor_type::aromatic	donor_type::aromatic	1,0	1,0	0.847709,-0.813213
Aagr_HFT-like_Aagr000038l.49.1	Aagr_HFT-like_Aagr000038l.49.1	donor_type::aromatic	donor_type::aromatic	1,0	1,0	0.286417,-0.283960
Abel_TS_WPF47615.1	Abel_TS_WPF47615.1	donor_type::aromatic;donor_type::aliphatic	donor_type::aliphatic	1,1	0,1	-0.910276,0.950299
Achi_AT16_PSS01274.1	Achi_AT16_PSS01274.1	donor_type::aromatic;donor_type::aliphatic	donor_type::aromatic;donor_type::aliphatic	1,1	1,1	0.008685,0.100704
Achi_FHT_PSR89440.1	Achi_FHT_PSR89440.1	donor_type::aromatic	donor_type::aromatic	1,0	1,0	0.565401,-0.496695
Aeri_AT9_AIC83789.1	Aeri_AT9_AIC83789.1	donor_type::aromatic;donor_type::aliphatic	donor_type::aliphatic	1,1	0,1	-0.036478,0.149288
Aeuc_AAT1_BDW80083.1	Aeuc_AAT1_BDW80083.1	donor_type::aliphatic	donor_type::aliphatic	0,1	0,1	-0.710979,0.831894
Aeuc_AAT2_BDW80089.1	Aeuc_AAT2_BDW80089.1	donor_type::aliphatic	donor_type::aliphatic	0,1	0,1	-0.754734,0.793158
Aeuc_SAT2_BDW80080.1	Aeuc_SAT2_BDW80080.1	donor_type::aliphatic	donor_type::aliphatic	0,1	0,1	-0.545287,0.540015
Amem_AT7-3_WMQ79387.1	Amem_AT7-3_WMQ79387.1	donor_type::aliphatic	donor_type::aromatic	0,1	1,0	0.178649,-0.193717
Arac_HPT1_QAA12830.1	Arac_HPT1_QAA12830.1	donor_type::aromatic	donor_type::aromatic	1,0	1,0	0.574914,-0.498744
Asat_HCBT_BAC78635.1	Asat_HCBT_BAC78635.1	donor_type::aromatic	donor_type::aromatic	1,0	1,0	0.908841,-0.885771
Asat_HHT1_BAC78633.1	Asat_HHT1_BAC78633.1	donor_type::aromatic	donor_type::aromatic	1,0	1,0	0.858007,-0.817672
Asat_HHT4_QDC27803.1	Asat_HHT4_QDC27803.1	donor_type::aromatic	donor_type::aromatic	1,0	1,0	0.970601,-0.933425
Asch_AKS1_URS65387.1	Asch_AKS1_URS65387.1	donor_type::aliphatic	donor_type::aliphatic	0,1	0,1	-0.164443,0.179048
Asch_AKS2_URS65388.1	Asch_AKS2_URS65388.1	donor_type::aliphatic	donor_type::aliphatic	0,1	0,1	-0.548873,0.526798
Asin_FMT_AHL24755.1	Asin_FMT_AHL24755.1	donor_type::aromatic	donor_type::aliphatic	1,0	0,1	-0.760961,0.736251
Atha_3AT1_AEE27636.1	Atha_3AT1_AEE27636.1	donor_type::aromatic;donor_type::aliphatic	donor_type::aromatic	1,1	1,0	0.025282,-0.076724
Atha_3AT2_AAF86513.1	Atha_3AT2_AAF86513.1	donor_type::aromatic;donor_type::aliphatic	donor_type::aromatic	1,1	1,0	0.083072,-0.176183
Atha_5MAT_BAB01191.1	Atha_5MAT_BAB01191.1	donor_type::aliphatic	donor_type::aromatic	0,1	1,0	0.125856,-0.160742
Atha_ACT1_NP_200924.1	Atha_ACT1_NP_200924.1	donor_type::aromatic	donor_type::aliphatic	1,0	0,1	-0.339276,0.214147
Atha_HHT1_AAL34170.1	Atha_ASFT_NP_851111.1	donor_type::aromatic	donor_type::aromatic	1,0	1,0	0.486181,-0.473962
Atha_AT3G47170_NP_190301.2	Atha_AT3G47170_NP_190301.2	donor_type::aromatic	donor_type::aliphatic	1,0	0,1	-0.270007,0.403790
Atha_PHT_OAO95042.1	Atha_AT5G07080_OAO95042.1	donor_type::aromatic	donor_type::aliphatic	1,0	0,1	-0.208222,0.386849
Atha_BIA1_CAB10319.1	Atha_BIA1_CAB10319.1	donor_type::aliphatic	donor_type::aliphatic	0,1	0,1	-0.498306,0.496110
Atha_CHAT_AAN09797.1	Atha_CHAT_AAN09797.1	donor_type::aliphatic	donor_type::aromatic	0,1	1,0	0.127129,-0.029205
Atha_COSY_AEE31013.1	Atha_COSY_AEE31013.1	donor_type::aromatic	donor_type::aliphatic	1,0	0,1	-0.018212,0.108780
Atha_DCF_AAQ62868.1	Atha_DCF_AAQ62868.1	donor_type::aromatic	donor_type::aromatic	1,0	1,0	0.520043,-0.501089
Atha_EPS1_NP_201517.1	Atha_EPS1_NP_201517.1		donor_type::aliphatic	0,0	0,1	-0.431684,0.567411
Atha_FACT_AAN13119.1	Atha_FACT_AAN13119.1	donor_type::aromatic	donor_type::aromatic	1,0	1,0	0.465599,-0.440091
Atha_GGES_AED96958.1	Atha_GGES_AED96958.1	donor_type::aromatic;donor_type::aliphatic	donor_type::aromatic;donor_type::aliphatic	1,1	1,1	0.049559,0.060327
Atha_HCT_BAB10316.1	Atha_HCT_BAB10316.1	donor_type::aromatic	donor_type::aromatic	1,0	1,0	0.945266,-0.881371
Atha_HHT1_AAL34170.1	Atha_HHT1_AAL34170.1	donor_type::aromatic	donor_type::aromatic	1,0	1,0	0.486181,-0.473962
Atha_FACT_AAN13119.1	Atha_HHT3_NP_201161.1	donor_type::aromatic	donor_type::aromatic	1,0	1,0	0.426514,-0.419370
Atha_HHT1_AAL34170.1	Atha_HHT_AAL34170.1	donor_type::aromatic	donor_type::aromatic	1,0	1,0	0.486181,-0.473962
Atha_PHT_OAO95042.1	Atha_PHT_OAO95042.1	donor_type::aromatic	donor_type::aliphatic	1,0	0,1	-0.154211,0.280385
Atha_PMAT1_AED94391.1	Atha_PMAT1_AED94391.1	donor_type::aliphatic	donor_type::aromatic	0,1	1,0	0.181929,-0.161281
Atha_PMAT2_BAB02518.1	Atha_PMAT2_BAB02518.1	donor_type::aliphatic	donor_type::aliphatic	0,1	0,1	-0.081922,0.077882
Atha_SCT_AAP81804.1	Atha_SCT_AAP81804.1	donor_type::aromatic	donor_type::aliphatic	1,0	0,1	-0.446276,0.564115
Atha_SDT_AAC23766.1	Atha_SDT_AAC23766.1	donor_type::aromatic	donor_type::aliphatic	1,0	0,1	-0.508106,0.688814
Atha_SHT_AAD12025.1	Atha_SHT_AAD12025.1	donor_type::aromatic	donor_type::aromatic	1,0	1,0	0.731880,-0.658925
Atha_PHT_OAO95042.1	Atha_SHT_OAO95042.1	donor_type::aromatic	donor_type::aliphatic	1,0	0,1	-0.154211,0.280385
Atha_THAA1_BAB11062.1	Atha_THAA1_BAB11062.1	donor_type::aliphatic	donor_type::aliphatic	0,1	0,1	-0.518521,0.525690
Atha_THAA2_AAO63428.1	Atha_THAA2_AAO63428.1	donor_type::aliphatic	donor_type::aliphatic	0,1	0,1	-0.445036,0.430334
Bdis_PMT_CDG41682.1	Bdis_PMT_CDG41682.1	donor_type::aromatic	donor_type::aliphatic	1,0	0,1	-0.207800,0.354050
Bmul_HQT1_BCY27076.1	Bmul_HQT1_BCY27076.1	donor_type::aromatic	donor_type::aromatic	1,0	1,0	0.229727,-0.165089
Bmul_HQT1_BDR61289.1	Bmul_HQT1_BDR61289.1	donor_type::aromatic	donor_type::aromatic	1,0	1,0	1.064122,-1.029777
Bser_AT1_QXN66176.1	Bser_AT1_QXN66176.1	donor_type::aliphatic	donor_type::aliphatic	0,1	0,1	-0.317680,0.278010
Cang_AT20_QLI57449.1	Cang_AT20_QLI57449.1	donor_type::aromatic;donor_type::aliphatic	donor_type::aromatic;donor_type::aliphatic	1,1	1,1	0.069360,0.043808
Cann_AT3_NP_001311698.1	Cann_AT3_NP_001311698.1	donor_type::aliphatic	donor_type::aliphatic	0,1	0,1	-0.643210,0.655284
Cblu_HCT_CBI83579.1	Cblu_HCT_CBI83579.1	donor_type::aromatic	donor_type::aromatic	1,0	1,0	0.960363,-0.917382
Cblu_HCT_CBI83579.1	Cblu_HST_CBI83579.1	donor_type::aromatic	donor_type::aromatic	1,0	1,0	0.936204,-0.884383
Cblu_RAS_CAK55166.1	Cblu_RAS_CAK55166.1	donor_type::aromatic	donor_type::aromatic	1,0	1,0	0.726339,-0.614807
Cbra_HQT-like_GBG71902.1	Cbra_HQT-like_GBG71902.1	donor_type::aromatic	donor_type::aromatic	1,0	1,0	0.220772,-0.489657
Cbre_BEAT_AAC18062.1	Cbre_BEAT_AAC18062.1	donor_type::aliphatic	donor_type::aliphatic	0,1	0,1	-0.418590,0.431090
Cbre_BEBT_AAN09796.1	Cbre_BEBT_AAN09796.1	donor_type::aromatic	donor_type::aliphatic	1,0	0,1	-0.005869,0.183962
Ccan_HCT_ABO47805.1	Ccan_HCT_ABO47805.1	donor_type::aromatic	donor_type::aromatic	1,0	1,0	0.964273,-0.924704
Ccan_HQT_ABO77957.1	Ccan_HQT_ABO77957.1	donor_type::aromatic	donor_type::aromatic	1,0	1,0	0.812129,-0.757903
Ccar_HCT_AAZ80046.1	Ccar_HCT_AAZ80046.1	donor_type::aromatic	donor_type::aromatic	1,0	1,0	0.994432,-0.985468
Ccar_HQT1_CAM84302.2	Ccar_HQT1_CAM84302.2	donor_type::aromatic	donor_type::aromatic	1,0	1,0	0.688363,-0.650286
Ccar_HQT2_ACJ23164.1	Ccar_HQT2_ACJ23164.1	donor_type::aromatic	donor_type::aromatic	1,0	1,0	0.842879,-0.831505
Ccar_HQT_ABK79689.1	Ccar_HQT_ABK79689.1	donor_type::aromatic	donor_type::aromatic	1,0	1,0	0.937030,-0.911536
Ccar_HQT_ABK79690.1	Ccar_HQT_ABK79690.1	donor_type::aromatic	donor_type::aromatic	1,0	1,0	0.880371,-0.821795
Cchi_AT3_AAV66309.1	Cchi_AT3_AAV66309.1	donor_type::aliphatic	donor_type::aliphatic	0,1	0,1	-0.548624,0.533579
Ccro_AT1_AXB26761.1	Ccro_AT1_AXB26761.1	donor_type::aromatic;donor_type::aliphatic	donor_type::aromatic;donor_type::aliphatic	1,1	1,1	0.123089,0.155011
Ccro_AT1_AXB26761.1	Ccro_AT2_AXB26761.1	donor_type::aromatic;donor_type::aliphatic	donor_type::aromatic;donor_type::aliphatic	1,1	1,1	0.117955,0.112045
Ccro_AT2_AXB26762.1	Ccro_AT2_AXB26762.1	donor_type::aromatic;donor_type::aliphatic	donor_type::aromatic;donor_type::aliphatic	1,1	1,1	0.161994,0.129065
Ccro_HCT_WKA69991.1	Ccro_HCT_WKA69991.1	donor_type::aromatic	donor_type::aromatic	1,0	1,0	0.856983,-0.861144
Cint_HCT1_ANN12608.1	Cint_HCT1_ANN12608.1	donor_type::aromatic	donor_type::aromatic	1,0	1,0	0.928620,-0.876695
Cint_HCT2_ANN12609.1	Cint_HCT2_ANN12609.1	donor_type::aromatic	donor_type::aromatic	1,0	1,0	0.913472,-0.843816
Cint_HQT1_ANN12610.1	Cint_HQT1_ANN12610.1	donor_type::aromatic	donor_type::aromatic	1,0	1,0	0.711578,-0.664300
Cint_HQT2_ANN12611.1	Cint_HQT2_ANN12611.1	donor_type::aromatic	donor_type::aromatic	1,0	1,0	0.768082,-0.739113
Cint_HQT3_ANN12612.1	Cint_HQT3_ANN12612.1	donor_type::aromatic	donor_type::aromatic	1,0	1,0	0.683166,-0.628311
Cint_SHT1_AXY93625.1	Cint_SHT1_AXY93625.1	donor_type::aromatic	donor_type::aromatic	1,0	1,0	0.804549,-0.773174
Cint_SHT2_AXY93626.1	Cint_SHT2_AXY93626.1	donor_type::aromatic	donor_type::aromatic	1,0	1,0	0.680360,-0.627049
Cmel_AAT1_CAA94432.1	Cmel_AAT1_CAA94432.1	donor_type::aliphatic	donor_type::aromatic	0,1	1,0	0.154188,-0.103014
Cmel_AAT3_AAW51125.1	Cmel_AAT3_AAW51125.1	donor_type::aliphatic	donor_type::aromatic;donor_type::aliphatic	0,1	1,1	0.082812,0.010200
Cmel_AAT4_AAW51126.1	Cmel_AAT4_AAW51126.1	donor_type::aliphatic	donor_type::aliphatic	0,1	0,1	-0.631960,0.570814
Cros_DAT_AAC99311.1	Cros_DAT_AAC99311.1	donor_type::aliphatic	donor_type::aliphatic	0,1	0,1	-0.982380,0.966706
Cros_MAT_AAO13736.1	Cros_MAT_AAO13736.1	donor_type::aliphatic	donor_type::aliphatic	0,1	0,1	-0.774731,0.799524
Cros_TAT_AQP25667.1	Cros_TAT_AQP25667.1	donor_type::aliphatic	donor_type::aliphatic	0,1	0,1	-0.792703,0.759695
Csat_HCT_AEJ88365.1	Csat_HCT_AEJ88365.1	donor_type::aromatic	donor_type::aromatic	1,0	1,0	0.887238,-0.845059
Csco_HQT1_CAM84302.2	Csco_HQT1_CAM84302.2	donor_type::aromatic	donor_type::aromatic	1,0	1,0	0.688363,-0.650286
Csco_HQT2_ACJ23164.1	Csco_HQT2_ACJ23164.1	donor_type::aromatic	donor_type::aromatic	1,0	1,0	0.779978,-0.793989
Csin_AT1_THG04858.1	Csin_AT1_THG04858.1	donor_type::aliphatic	donor_type::aliphatic	0,1	0,1	-0.091157,0.311638
Csin_AT2_THG19836.1	Csin_AT2_THG19836.1	donor_type::aliphatic	donor_type::aromatic;donor_type::aliphatic	0,1	1,1	0.193837,0.019910
Csin_CHAT1_GMQ03793.1	Csin_CHAT1_GMQ03793.1	donor_type::aliphatic	donor_type::aromatic;donor_type::aliphatic	0,1	1,1	0.076206,0.169635
Csin_HCT1_XP_028081726.1	Csin_HCT1_XP_028081726.1	donor_type::aromatic	donor_type::aromatic	1,0	1,0	0.966495,-0.912408
Csin_HCT2_THG02040.1	Csin_HCT2_THG02040.1	donor_type::aromatic	donor_type::aromatic	1,0	1,0	0.972364,-0.964989
Dcar_HCBT3_CAB06429.1	Dcar_HCBT1_CAB06427.1	donor_type::aromatic	donor_type::aromatic	1,0	1,0	0.610786,-0.554377
Dcar_HCBT2_CAB06430.1	Dcar_HCBT2_CAB06430.1	donor_type::aromatic	donor_type::aromatic	1,0	1,0	0.448745,-0.371955
Dcar_HCBT3_CAB06429.1	Dcar_HCBT3_CAB06429.1	donor_type::aromatic	donor_type::aromatic	1,0	1,0	0.576606,-0.508879
Dlan_MAT1_QUW17232.1	Dlan_MAT1_QUW17232.1	donor_type::aliphatic	donor_type::aliphatic	0,1	0,1	-0.030726,0.037971
Dlan_MAT2_QWS71079.1	Dlan_MAT2_QWS71079.1	donor_type::aliphatic	donor_type::aliphatic	0,1	0,1	-0.193141,0.155186
Dmor_3MAT1_AAQ63615.1	Dmor_3MAT1_AAQ63615.1	donor_type::aliphatic	donor_type::aliphatic	0,1	0,1	-0.402146,0.419195
Dmor_3MAT2_AAQ63616.1	Dmor_3MAT2_AAQ63616.1	donor_type::aliphatic	donor_type::aliphatic	0,1	0,1	-0.370808,0.316197
Dmor_3MAT3_BAF50706.1	Dmor_3MAT3_BAF50706.1	donor_type::aliphatic	donor_type::aliphatic	0,1	0,1	-0.448168,0.441260
Dpin_3MAT_AAO12206.1	Dpin_3MAT_AAO12206.1	donor_type::aliphatic	donor_type::aliphatic	0,1	0,1	-0.334166,0.359224
Dvar_3MAT_AAO12206.1	Dvar_3MAT_AAO12206.1	donor_type::aliphatic	donor_type::aliphatic	0,1	0,1	-0.273694,0.309846
Ecoc_CS_AGT56097.1	Ecoc_BAHD7_AGT56097.1	donor_type::aromatic	donor_type::aliphatic	1,0	0,1	-0.508713,0.594194
Ecoc_CS_AGT56097.1	Ecoc_CS_AGT56097.1	donor_type::aromatic	donor_type::aliphatic	1,0	0,1	-0.532526,0.593903
Ecoc_HQT_AFF19203.1	Ecoc_HQT_AFF19203.1	donor_type::aromatic	donor_type::aromatic	1,0	1,0	0.728071,-0.672873
Egra_5AT_BAF49288.1	Egra_5AT_BAF49288.1	donor_type::aromatic	donor_type::aromatic	1,0	1,0	0.038722,-0.132473
Epep_BAHD11_NA	Epep_BAHD11_NA	donor_type::aliphatic	donor_type::aliphatic	0,1	0,1	-0.850065,0.803544
Epep_BAHD12_NA	Epep_BAHD12_NA	donor_type::aliphatic	donor_type::aliphatic	0,1	0,1	-0.705318,0.654484
Epep_BAHD6_NA	Epep_BAHD6_NA	donor_type::aliphatic	donor_type::aliphatic	0,1	0,1	-0.716080,0.757528
Epep_BAHD7_NA	Epep_BAHD7_NA	donor_type::aliphatic	donor_type::aliphatic	0,1	0,1	-0.775691,0.718065
Epep_BAHD8_NA	Epep_BAHD8_NA	donor_type::aliphatic	donor_type::aliphatic	0,1	0,1	-0.681676,0.705347
Epla_AAT1-1_BDW80081.1	Epla_AAT1-1_BDW80081.1	donor_type::aliphatic	donor_type::aliphatic	0,1	0,1	-0.662595,0.769028
Epla_AAT1-2_BDW80082.1	Epla_AAT1-2_BDW80082.1	donor_type::aliphatic	donor_type::aliphatic	0,1	0,1	-0.813508,0.901623
Epla_AAT2-1_BDW80086.1	Epla_AAT2-1_BDW80086.1	donor_type::aliphatic	donor_type::aliphatic	0,1	0,1	-0.596794,0.561727
Epla_AAT2-2_BDW80087.1	Epla_AAT2-2_BDW80087.1	donor_type::aliphatic	donor_type::aliphatic	0,1	0,1	-0.830510,0.794998
Epla_AAT2-3_BDW80088.1	Epla_AAT2-3_BDW80088.1	donor_type::aliphatic	donor_type::aliphatic	0,1	0,1	-0.669927,0.631653
Epla_SAT1-1_BDW80075.1	Epla_SAT1-1_BDW80075.1	donor_type::aliphatic	donor_type::aliphatic	0,1	0,1	-0.749404,0.698219
Epla_SAT1-2_BDW80076.1	Epla_SAT1-2_BDW80076.1	donor_type::aliphatic	donor_type::aliphatic	0,1	0,1	-0.708968,0.672990
Epla_SAT2-1_BDW80078.1	Epla_SAT2-1_BDW80078.1	donor_type::aliphatic	donor_type::aliphatic	0,1	0,1	-0.573296,0.553846
Epla_SAT2-2_BDW80079.1	Epla_SAT2-2_BDW80079.1	donor_type::aliphatic	donor_type::aliphatic	0,1	0,1	-0.535357,0.513741
Epur_HCT_QRI59128.1	Epur_HCT_QRI59128.1	donor_type::aromatic	donor_type::aromatic	1,0	1,0	1.035957,-0.967879
Epur_HMT_UHJ19789.2	Epur_HMT_UHJ19789.2	donor_type::aromatic	donor_type::aromatic	1,0	1,0	0.610227,-0.537158
Epur_HQT_QRI59127.1	Epur_HQT_QRI59127.1	donor_type::aromatic	donor_type::aromatic	1,0	1,0	0.844755,-0.804058
Epur_HTT_QRI59126.1	Epur_HTT_QRI59126.1	donor_type::aromatic	donor_type::aromatic	1,0	1,0	0.486002,-0.376944
Fana_SAAT_AAG13130.1	Fana_SAAT_AAG13130.1	donor_type::aliphatic	donor_type::aliphatic	0,1	0,1	-0.416779,0.454618
Fves_VAAT_CAC09062.1	Fves_VAAT_CAC09062.1	donor_type::aliphatic	donor_type::aliphatic	0,1	0,1	-0.340556,0.307039
Gmax_COSY_KRH21316.1	Gmax_COSY_KRH21316.1	donor_type::aromatic	donor_type::aliphatic	1,0	0,1	-0.212683,0.345757
Gmax_MT7_ABY59019.1	Gmax_IF7MAT_NP_001237760.1	donor_type::aliphatic	donor_type::aromatic	0,1	1,0	0.299996,-0.366147
Gmax_IMAT1_AQY54373.1	Gmax_IMAT1_AQY54373.1	donor_type::aliphatic	donor_type::aromatic	0,1	1,0	0.161762,-0.173367
Gmax_IMAT3_AQY54374.1	Gmax_IMAT3_AQY54374.1	donor_type::aliphatic	donor_type::aromatic	0,1	1,0	0.095412,-0.219008
Gmax_MT7_ABY59019.1	Gmax_MT7_ABY59019.1	donor_type::aliphatic	donor_type::aromatic	0,1	1,0	0.299996,-0.366147
Gmax_SSACT1_KRH01153.1	Gmax_SSACT1_KRH01153.1	donor_type::aliphatic	donor_type::aliphatic	0,1	0,1	-0.119510,0.057177
Gtri_53AAT_BAA74428.1	Gtri_53AAT_BAA74428.1	donor_type::aromatic	donor_type::aromatic	1,0	1,0	0.056319,-0.134447
Gtri_53AAT_BAA74428.1	Gtri_5AT_BAA74428.1	donor_type::aromatic	donor_type::aromatic	1,0	1,0	0.012146,-0.149842
Gtri_53AAT_BAA74428.1	Gtri_GAT_BAA74428.1	donor_type::aromatic		1,0	0,0	-0.069740,-0.041138
Hann_HCT1_QBM78941.1	Hann_HCT1_QBM78941.1	donor_type::aromatic	donor_type::aromatic	1,0	1,0	0.990605,-1.031834
Hann_HCT2_QBM78942.1	Hann_HCT2_QBM78942.1	donor_type::aromatic	donor_type::aromatic	1,0	1,0	0.935214,-0.875081
Hann_HQT1_QBM78938.1	Hann_HQT1_QBM78938.1	donor_type::aromatic	donor_type::aromatic	1,0	1,0	0.925459,-0.880024
Hann_HQT2_QBM78939.1	Hann_HQT2_QBM78939.1	donor_type::aromatic	donor_type::aromatic	1,0	1,0	0.766710,-0.757108
Hann_HQT3_QBM78940.1	Hann_HQT3_QBM78940.1	donor_type::aromatic	donor_type::aromatic	1,0	1,0	0.687048,-0.650736
Hcan_PMT_KAL4341785.1	Hcan_PMT_KAL4341785.1	donor_type::aromatic	donor_type::aromatic	1,0	1,0	0.288822,-0.055061
Hmur_ACT_BCN87077.1	Hmur_ACT_BCN87077.1	donor_type::aromatic	donor_type::aromatic	1,0	1,0	0.546456,-0.554576
Hpol_BAHD3_NA	Hpol_BAHD3_NA	donor_type::aliphatic	donor_type::aliphatic	0,1	0,1	-0.213311,0.108487
Hvul_ACT1-1_AAO73071.1	Hvul_ACT1-1_AAO73071.1	donor_type::aromatic	donor_type::aromatic	1,0	1,0	0.516428,-0.466703
Hvul_ACT1-1_BAF97626	Hvul_ACT1-1_BAF97626	donor_type::aromatic	donor_type::aromatic	1,0	1,0	0.559374,-0.487142
Hvul_ACT1-2_BAF97627.1	Hvul_ACT1-2_BAF97627	donor_type::aromatic	donor_type::aromatic	1,0	1,0	0.568567,-0.552218
Hvul_ACT1-2_BAF97627.1	Hvul_ACT1-2_BAF97627.1	donor_type::aromatic	donor_type::aromatic	1,0	1,0	0.545052,-0.505718
Hvul_ACT2_BAK00935.1	Hvul_ACT2_BAK00935.1	donor_type::aromatic	donor_type::aromatic	1,0	1,0	0.555749,-0.504894
Hvul_ACT1-1_AAO73071.1	Hvul_ACT_AAO73071.1	donor_type::aromatic	donor_type::aromatic	1,0	1,0	0.521385,-0.478252
Ibat_HQT_BAA87043.1	Ibat_HQT_BAA87043.1	donor_type::aromatic	donor_type::aromatic	1,0	1,0	0.820226,-0.817220
Ihol_3AT1_BAE72676.1	Ihol_3AT1_BAE72676.1	donor_type::aromatic	donor_type::aliphatic	1,0	0,1	-0.173488,0.391228
Ihol_3AT2_BAE94328.1	Ihol_3AT2_BAE94328.1	donor_type::aromatic	donor_type::aliphatic	1,0	0,1	-0.243694,0.489673
Jsam_BEAT1_UJH94663.1	Jsam_BEAT1_UJH94663.1	donor_type::aromatic;donor_type::aliphatic	donor_type::aromatic;donor_type::aliphatic	1,1	1,1	0.049961,0.049001
Jsam_BEAT2_UJH94664.1	Jsam_BEAT2_UJH94664.1	donor_type::aromatic;donor_type::aliphatic	donor_type::aromatic	1,1	1,0	0.409497,-0.397587
Lalb_HMT_BAD89275.1	Lalb_HMT_BAD89275.1	donor_type::aromatic;donor_type::aliphatic	donor_type::aliphatic	1,1	0,1	-0.024341,0.256983
Lang_RAS_ABI48360.1	Lang_AAT1_ABI48360.1	donor_type::aromatic	donor_type::aromatic	1,0	1,0	0.661884,-0.620063
Lang_RAS_ABI48360.1	Lang_AT1_ABI48360.1	donor_type::aromatic	donor_type::aromatic	1,0	1,0	0.676390,-0.622656
Lang_RAS_ABI48360.1	Lang_RAS_ABI48360.1	donor_type::aromatic	donor_type::aromatic	1,0	1,0	0.676390,-0.622656
Lang_RAS_AEA36976.1	Lang_RAS_AEA36976.1	donor_type::aromatic	donor_type::aromatic	1,0	1,0	0.603952,-0.530672
Lery_AAT1_BBV14786.1	Lery_AAT1_BBV14786.1	donor_type::aliphatic	donor_type::aliphatic	0,1	0,1	-0.852381,0.935846
Lery_AAT2_BDW80085.1	Lery_AAT2_BDW80085.1	donor_type::aliphatic	donor_type::aliphatic	0,1	0,1	-0.847211,0.858052
Lery_SAT1_BBV14785.1	Lery_SAT1_BBV14785.1	donor_type::aliphatic	donor_type::aliphatic	0,1	0,1	-0.568856,0.587346
Lery_SAT2_BDW80077.1	Lery_SAT2_BDW80077.1	donor_type::aliphatic	donor_type::aliphatic	0,1	0,1	-0.719973,0.706296
Lint_AAT-3_AIW81431.1	Lint_AAT-3_AIW81431.1	donor_type::aliphatic	donor_type::aromatic;donor_type::aliphatic	0,1	1,1	0.060934,0.117040
Lint_AAT-4_AIW81432.1	Lint_AAT-4_AIW81432.1	donor_type::aliphatic		0,1	0,0	-0.041839,-0.042859
Ljap_HQT_ACZ52698.1	Ljap_HQT_ACZ52698.1	donor_type::aromatic	donor_type::aromatic	1,0	1,0	0.736195,-0.668667
Lori_AAT1_WKK95849.1	Lori_AAT1_WKK95849.1	donor_type::aromatic	donor_type::aromatic;donor_type::aliphatic	1,0	1,1	0.086167,0.013114
Lpur_3MAT1_AAS77404.1	Lpur_3MAT1_AAS77404.1	donor_type::aliphatic	donor_type::aliphatic	0,1	0,1	-0.170903,0.182675
Lrob_AT1_WEX29780.1	Lrob_AT1_WEX29780.1	donor_type::aromatic	donor_type::aromatic	1,0	1,0	0.792422,-0.776146
Lsat_BOS_QYL33117.1	Lsat_BOS_QYL33117.1	donor_type::aliphatic	donor_type::aliphatic	0,1	0,1	-0.069256,0.123393
Lsat_BOS_QYL33117.1	Lsat_DS_QYL33117.1	donor_type::aliphatic	donor_type::aliphatic	0,1	0,1	-0.129880,0.116980
Ltri_CAAT1_AHA90802.1	Ltri_CAAT1_AHA90802.1	donor_type::aliphatic	donor_type::aliphatic	0,1	0,1	-0.700278,0.907465
Maze_AT1704_NA	Maze_AT1704_NA	donor_type::aliphatic	donor_type::aliphatic	0,1	0,1	-0.328143,0.334402
Maze_AT8824_KAJ4723782.1	Maze_AT8824_KAJ4723782.1	donor_type::aliphatic	donor_type::aliphatic	0,1	0,1	-0.413051,0.384761
Mdom_AAT1_AAU14879.2	Mdom_AAT1_AAU14879.2	donor_type::aliphatic	donor_type::aromatic	0,1	1,0	0.317139,-0.123538
Mdom_SHT_ALF00095.1	Mdom_SHT_ALF00095.1	donor_type::aromatic	donor_type::aromatic	1,0	1,0	0.779949,-0.784058
Mema_HFT_NA	Mema_HFT_NA	donor_type::aromatic	donor_type::aromatic	1,0	1,0	0.184425,-0.179084
Mlon_AT1_NA	Mlon_AT1_NA	donor_type::aromatic	donor_type::aromatic	1,0	1,0	0.878931,-0.812781
Mlon_AT2_NA	Mlon_AT2_NA	donor_type::aromatic	donor_type::aromatic	1,0	1,0	0.987290,-0.894925
Mlon_AT1_NA	Mlon_AT3_NA	donor_type::aromatic	donor_type::aromatic	1,0	1,0	0.862568,-0.795157
Mlon_AT4_NA	Mlon_AT4_NA	donor_type::aromatic	donor_type::aromatic	1,0	1,0	0.669933,-0.558682
Mlon_AT6_NA	Mlon_AT6_NA	donor_type::aromatic	donor_type::aromatic	1,0	1,0	0.631733,-0.545493
Moff_RAS_CBW35684.1	Moff_RAS_CBW35684.1	donor_type::aromatic	donor_type::aromatic	1,0	1,0	0.678531,-0.601921
Mpal_HCT_AXN55971.1	Mpal_HCT_AXN55971.1	donor_type::aromatic	donor_type::aromatic	1,0	1,0	0.868317,-0.931858
Mpol_HCT_PTQ49430.1	Mpol_HCT_PTQ49430.1	donor_type::aromatic	donor_type::aromatic	1,0	1,0	0.706008,-0.806645
Msap_AAT_CAC09063.1	Msap_AAT_CAC09063.1	donor_type::aliphatic	donor_type::aromatic;donor_type::aliphatic	0,1	1,1	0.123260,0.036345
Mtru_MAT1_ABY91220.1	Mtru_MAT1_ABY91220.1	donor_type::aliphatic	donor_type::aliphatic	0,1	0,1	-0.195260,0.199610
Mtru_MAT2_ABY91222.1	Mtru_MAT2_ABY91222.1	donor_type::aliphatic	donor_type::aliphatic	0,1	0,1	-0.209219,0.115803
Mtru_MAT3_ABY91221.1	Mtru_MAT3_ABY91221.1	donor_type::aliphatic	donor_type::aromatic	0,1	1,0	0.004159,-0.169781
Natt_AT1_AET80688.1	Natt_AT1_AET80688.1	donor_type::aromatic	donor_type::aromatic	1,0	1,0	0.434235,-0.437288
Natt_DH29_AET80686.1	Natt_DH29_AET80686.1	donor_type::aromatic	donor_type::aliphatic	1,0	0,1	-0.699731,0.708895
Ntab_ASAT1_XP_016480914.1	Ntab_ASAT1_XP_016480914.1	donor_type::aliphatic	donor_type::aliphatic	0,1	0,1	-1.125916,0.901435
Ntab_ASAT2_XP_016451255.1	Ntab_ASAT2_XP_016451255.1	donor_type::aliphatic	donor_type::aliphatic	0,1	0,1	-0.779051,0.859714
Ntab_BEBT_AAN09798.1	Ntab_BEBT_AAN09798.1	donor_type::aromatic	donor_type::aromatic;donor_type::aliphatic	1,0	1,1	0.123062,0.119559
Ntab_HCT_CAD47830.1	Ntab_HCT_CAD47830.1	donor_type::aromatic	donor_type::aromatic	1,0	1,0	0.982889,-0.943224
Ntab_HQT_CAE46932.1	Ntab_HQT_CAE46932.1	donor_type::aromatic	donor_type::aromatic	1,0	1,0	0.800068,-0.758185
Ntab_MAT1_BAD93691.1	Ntab_MAT1_BAD93691.1	donor_type::aliphatic	donor_type::aliphatic	0,1	0,1	-0.009374,0.057101
Ntab_SHT_QNO39110.1	Ntab_SHT_QNO39110.1	donor_type::aromatic;donor_type::aliphatic	donor_type::aromatic	1,1	1,0	0.781905,-0.808320
Obas_CAAT1_QKK36036.1	Obas_CAAT1_QKK36036.1	donor_type::aliphatic	donor_type::aromatic	0,1	1,0	0.059078,-0.068948
Obas_CAAT2_QKK36037.1	Obas_CAAT2_QKK36037.1	donor_type::aliphatic	donor_type::aliphatic	0,1	0,1	-0.860868,0.988606
Oeur_AT1_XP_022859703.1	Oeur_AT1_XP_022859703.1	donor_type::aromatic	donor_type::aromatic	1,0	1,0	0.783890,-0.744915
Osat_AHT1_CAE03579.1	Osat_AHT1_CAE03579.1	donor_type::aromatic	donor_type::aromatic	1,0	1,0	0.695393,-0.670817
Osat_AT10_BAD33123.1	Osat_AT10_BAD33123.1	donor_type::aromatic	donor_type::aliphatic	1,0	0,1	-0.120866,0.216176
Osat_DPW2_BAS75979.1	Osat_DPW2_BAS75979.1	donor_type::aromatic	donor_type::aromatic	1,0	1,0	0.320246,-0.208386
Osat_FMT_BAF16996.1	Osat_FMT_BAF16996.1	donor_type::aromatic	donor_type::aliphatic	1,0	0,1	-0.238128,0.379858
Osat_HCT4_BAD72437.1	Osat_HCT4_BAD72437.1	donor_type::aromatic	donor_type::aromatic	1,0	1,0	0.092007,-0.080745
Osat_MAT-2_BAG96218.1	Osat_MAT-2_BAG96218.1	donor_type::aliphatic	donor_type::aliphatic	0,1	0,1	-0.352493,0.384902
Osat_PHT2_BAD72527.1	Osat_PHT2_BAD72527.1	donor_type::aromatic	donor_type::aliphatic	1,0	0,1	-0.228515,0.218670
Osat_PHT3_BAC79154.1	Osat_PHT3_BAC79154.1	donor_type::aromatic	donor_type::aromatic	1,0	1,0	0.539163,-0.519190
Osat_PHT4_BAC79155.1	Osat_PHT4_BAC79155.1	donor_type::aromatic	donor_type::aromatic	1,0	1,0	0.356493,-0.355577
Osat_PHT4_BAC79155.1	Osat_PHT_BAC79155.1	donor_type::aromatic	donor_type::aromatic	1,0	1,0	0.393094,-0.364165
Osat_PMT1_BAG87540.1	Osat_PMT1_BAG87540.1	donor_type::aromatic;donor_type::aliphatic	donor_type::aliphatic	1,1	0,1	-0.001292,0.126799
Osat_PMT2_BAG91648.1	Osat_PMT2_BAG91648.1	donor_type::aromatic	donor_type::aromatic;donor_type::aliphatic	1,0	1,1	0.122113,0.046555
Osat_TBT1_ANQ47375.1	Osat_TBT1_ANQ47375.1	donor_type::aromatic	donor_type::aromatic	1,0	1,0	0.105308,-0.193743
Osat_TBT2_ANQ47376.1	Osat_TBT2_ANQ47376.1	donor_type::aromatic	donor_type::aromatic	1,0	1,0	0.029026,-0.144763
Osat_THT1_ANQ47373.1	Osat_THT1_ANQ47373.1	donor_type::aromatic		1,0	0,0	-0.011981,-0.007876
Osat_THT2_AAM74310.1	Osat_THT2_AAM74310.1	donor_type::aromatic	donor_type::aliphatic	1,0	0,1	-0.136307,0.180513
Paff_BAHD21_NA	Paff_BAHD21_NA	donor_type::aromatic	donor_type::aliphatic	1,0	0,1	-0.410336,0.369500
Papp_HCT_AXN55972.1	Papp_HCT_AXN55972.1	donor_type::aromatic	donor_type::aromatic	1,0	1,0	0.567252,-0.703664
Paxi_ASAT1_AOR06331.1	Paxi_ASAT1_AOR06331.1	donor_type::aliphatic	donor_type::aliphatic	0,1	0,1	-0.925465,0.979548
Paxi_ASAT1_AOR06331.1	Paxi_ASAT2_AOR06331.1	donor_type::aliphatic	donor_type::aliphatic	0,1	0,1	-0.894009,0.894050
Paxi_ASAT3_AOR06333.1	Paxi_ASAT3_AOR06333.1	donor_type::aliphatic	donor_type::aliphatic	0,1	0,1	-0.902991,0.987512
Paxi_ASAT4_AOR06334.1	Paxi_ASAT4_AOR06334.1	donor_type::aliphatic	donor_type::aliphatic	0,1	0,1	-1.132301,1.142140
Paxi_CFAT_ABG75942.1	Paxi_CFAT_ABG75942.1	donor_type::aliphatic	donor_type::aliphatic	0,1	0,1	-0.788947,0.902671
Pbar_AT1_WEX29777.1	Pbar_AT1_WEX29777.1	donor_type::aromatic	donor_type::aromatic	1,0	1,0	0.744071,-0.738592
Pcam_HCT_QDF44405.1	Pcam_HCT_QDF44405.1	donor_type::aromatic	donor_type::aromatic	1,0	1,0	1.006490,-0.947355
Pcam_HQT_QDF44406.1	Pcam_HQT_QDF44406.1	donor_type::aromatic	donor_type::aromatic	1,0	1,0	0.906250,-0.899056
Pcam_RAS_QDF44407.1	Pcam_RAS_QDF44407.1	donor_type::aromatic	donor_type::aromatic	1,0	1,0	0.571929,-0.420148
Pcru_3MAT_AAO38058.1	Pcru_3MAT_AAO38058.1	donor_type::aliphatic	donor_type::aliphatic	0,1	0,1	-0.642450,0.649026
Pfru_3AT_BAA93475.1	Pfru_3AT_BAA93475.1	donor_type::aromatic	donor_type::aliphatic	1,0	0,1	-0.093313,0.041334
Phyb_AAT_AAW31948.1	Phyb_AAT_AAW31948.1	donor_type::aliphatic	donor_type::aliphatic	0,1	0,1	-0.445117,0.469540
Phyb_BPBT_AAU06226.1	Phyb_BPBT_AAU06226.1	donor_type::aromatic;donor_type::aliphatic	donor_type::aromatic;donor_type::aliphatic	1,1	1,1	0.136251,0.051911
Phyb_CFAT_ABG75942.1	Phyb_CFAT_ABG75942.1	donor_type::aliphatic	donor_type::aliphatic	0,1	0,1	-0.873026,0.933738
Pnig_PAS_QUS53101.1	Pnig_BAHD1_QUS53101.1	donor_type::aromatic;donor_type::aliphatic	donor_type::aliphatic	1,1	0,1	-0.454107,0.597832
Pnig_PS_QUS53100.1	Pnig_BAHD2_QUS53100.1	donor_type::aromatic	donor_type::aliphatic	1,0	0,1	-0.237802,0.377129
Pnig_HCT1_AEN02914.1	Pnig_HCT1_AEN02914.1	donor_type::aromatic	donor_type::aromatic	1,0	1,0	0.845844,-0.925440
Pnig_PAS_QUS53101.1	Pnig_PAS_QUS53101.1	donor_type::aromatic;donor_type::aliphatic	donor_type::aliphatic	1,1	0,1	-0.425248,0.658589
Pnig_PHT1_BGB46908.1	Pnig_PHT1_BGB46908.1	donor_type::aromatic	donor_type::aromatic	1,0	1,0	0.310238,-0.293533
Pnig_PS_QUS53100.1	Pnig_PS_QUS53100.1	donor_type::aromatic	donor_type::aliphatic	1,0	0,1	-0.257137,0.384339
Post_DPBT_Pos.gene30573	Post_DPBT_Pos.gene30573	donor_type::aromatic	donor_type::aromatic;donor_type::aliphatic	1,0	1,1	0.037433,0.072558
Ppat_HCT1_AMK38063.1	Ppat_HCT1_AMK38063.1	donor_type::aromatic	donor_type::aromatic	1,0	1,0	0.536287,-0.627969
Ppat_HCT1_AMK38063.1	Ppat_HCT_AMK38063.1	donor_type::aromatic	donor_type::aromatic	1,0	1,0	0.629091,-0.652370
Pper_AAT1_QEZ90730.1	Pper_AAT1_QEZ90730.1	donor_type::aliphatic	donor_type::aromatic;donor_type::aliphatic	0,1	1,1	0.168922,0.014049
Prad_HCT_ABO52899.1	Prad_HCT_ABO52899.1	donor_type::aromatic	donor_type::aromatic	1,0	1,0	0.867094,-0.824449
Pscu_HCT2_CBI83579.1	Pscu_HCT2_CBI83579.1	donor_type::aromatic	donor_type::aromatic	1,0	1,0	0.929301,-0.869669
Pscu_RAS_CAK55166.1	Pscu_RAS_CAK55166.1	donor_type::aromatic	donor_type::aromatic	1,0	1,0	0.695457,-0.598352
Psom_SALAT_AAK73661.1	Psom_SALAT_AAK73661.1	donor_type::aliphatic	donor_type::aliphatic	0,1	0,1	-0.524980,0.483909
Ptri_BEBT_AJD25145.1	Ptri_BEBT_AJD25145.1	donor_type::aromatic;donor_type::aliphatic	donor_type::aromatic;donor_type::aliphatic	1,1	1,1	0.089364,0.117635
Ptri_FHT1_AGJ03151.1	Ptri_FHT1_AGJ03151.1	donor_type::aromatic	donor_type::aromatic	1,0	1,0	0.603634,-0.603398
Ptri_HBMT1_PNT60021.1	Ptri_HBMT1_PNT60021.1	donor_type::aromatic	donor_type::aromatic;donor_type::aliphatic	1,0	1,1	0.060392,0.081672
Ptri_HCT6_PNT52620.1	Ptri_HCT6_PNT52620.1	donor_type::aromatic	donor_type::aromatic	1,0	1,0	1.054219,-0.999438
Ptri_HBMT1_PNT60021.1	Ptri_PHBMT1_AJD79571.1	donor_type::aromatic;donor_type::aliphatic	donor_type::aromatic	1,1	1,0	0.113477,-0.004846
Ptri_SABT_AJD25144.1	Ptri_SABT_AJD25144.1	donor_type::aromatic;donor_type::aliphatic	donor_type::aromatic	1,1	1,0	0.128670,-0.047895
Pvir_FMT_KAG2630178.1	Pvir_FMT_KAG2630178.1	donor_type::aromatic	donor_type::aromatic;donor_type::aliphatic	1,0	1,1	0.016682,0.120704
Pvir_HCT1a_BAO20883.1	Pvir_HCT1a_BAO20883.1	donor_type::aromatic	donor_type::aromatic	1,0	1,0	1.007048,-0.962509
Pvir_HCT2a_AGM90558.1	Pvir_HCT2a_AGM90558.1	donor_type::aromatic	donor_type::aromatic	1,0	1,0	0.739407,-0.783478
Pvir_PMT_KAG2616253.1	Pvir_PMT_KAG2616253.1	donor_type::aromatic	donor_type::aliphatic	1,0	0,1	-0.042854,0.182311
Pvul_HHHT_AOX15526.1	Pvul_HHHT_AOX15526.1	donor_type::aromatic	donor_type::aromatic	1,0	1,0	0.503834,-0.444751
Rcan_SHT_QNO39111.1	Rcan_SHT_QNO39111.1	donor_type::aromatic	donor_type::aromatic	1,0	1,0	0.639333,-0.624268
Rcom_SHT_QNO39108.1	Rcom_SHT_QNO39108.1	donor_type::aromatic	donor_type::aromatic	1,0	1,0	0.857539,-0.813784
Rglu_AT1_WEX29776.1	Rglu_AT1_WEX29776.1	donor_type::aromatic	donor_type::aromatic	1,0	1,0	0.717534,-0.666691
Rhyb_AAT1_AAW31948.1	Rhyb_AAT1_AAW31948.1	donor_type::aliphatic	donor_type::aliphatic	0,1	0,1	-0.412932,0.433977
Rser_VS_CAD89104.2	Rser_ACT_CAD89104.2	donor_type::aliphatic	donor_type::aliphatic	0,1	0,1	-0.473260,0.430895
Rser_VS_CAD89104.2	Rser_VS_CAD89104.2	donor_type::aliphatic	donor_type::aliphatic	0,1	0,1	-0.372031,0.356237
Rser_YAT_PQ801655	Rser_YAT_PQ801655	donor_type::aliphatic	donor_type::aliphatic	0,1	0,1	-0.612732,0.629050
Sbic_COSY_OQU75851.1	Sbic_COSY_OQU75851.1	donor_type::aromatic	donor_type::aliphatic	1,0	0,1	-0.353046,0.473146
Sbic_FMT_EES15804.1	Sbic_FMT_EES15804.1	donor_type::aromatic	donor_type::aliphatic	1,0	0,1	-0.095896,0.231947
Sbic_HCT_EES05411.1	Sbic_HCT_EES05411.1	donor_type::aromatic	donor_type::aromatic	1,0	1,0	0.812995,-0.799501
Sbic_PMT_EES17668.1	Sbic_PMT_EES17668.1	donor_type::aromatic	donor_type::aliphatic	1,0	0,1	-0.073330,0.213908
Sche_AAT10422_BCJ78482.1	Sche_AAT10422_BCJ78482.1	donor_type::aliphatic	donor_type::aliphatic	0,1	0,1	-0.048002,0.215708
Schi_CFAT_URQ03862.1	Schi_CFAT_URQ03862.1	donor_type::aliphatic	donor_type::aliphatic	0,1	0,1	-0.619792,0.705494
Schm_AAT11306_BCJ78485.1	Schm_AAT11306_BCJ78485.1	donor_type::aliphatic	donor_type::aliphatic	0,1	0,1	-0.144310,0.248582
Scru_3MAT_AAO38058	Scru_3MAT_AAO38058	donor_type::aliphatic	donor_type::aliphatic	0,1	0,1	-0.642450,0.649026
Sfal_HFT-like_KAH8954438.1	Sfal_HFT-like_KAH8954438.1	donor_type::aromatic	donor_type::aromatic	1,0	1,0	0.328648,-0.225362
Sgal_AAT10483_BCJ78483.1	Sgal_AAT10483_BCJ78483.1	donor_type::aliphatic	donor_type::aliphatic	0,1	0,1	-0.061737,0.242125
Sgla_HQT1_WYJ75404.1	Sgla_HQT1_WYJ75404.1	donor_type::aromatic	donor_type::aromatic	1,0	1,0	0.891325,-0.834446
Sgla_HQT2_WYJ75406.1	Sgla_HQT2_WYJ75406.1	donor_type::aromatic	donor_type::aromatic	1,0	1,0	0.849505,-0.823115
Sgla_HST_WYJ75403.1	Sgla_HST_WYJ75403.1	donor_type::aromatic	donor_type::aromatic	1,0	1,0	1.094141,-1.033565
Sgla_RAS_WYJ75405.1	Sgla_RAS_WYJ75405.1	donor_type::aromatic	donor_type::aromatic	1,0	1,0	0.983677,-1.007667
Shab_AAT11777_BCJ78486.1	Shab_AAT11777_BCJ78486.1	donor_type::aliphatic	donor_type::aliphatic	0,1	0,1	-0.034074,0.217887
Shab_ASAT2_ALU64009.1	Shab_ASAT2_ALU64009.1	donor_type::aliphatic	donor_type::aliphatic	0,1	0,1	-1.007045,1.127904
Shab_ASAT3-F_AJF98584.1	Shab_ASAT3-F_AJF98584.1	donor_type::aliphatic	donor_type::aliphatic	0,1	0,1	-0.961239,1.015550
Shab_ASAT3-P_AJF98591.1	Shab_ASAT3-P_AJF98591.1	donor_type::aliphatic	donor_type::aliphatic	0,1	0,1	-0.863061,0.933666
Sind_AT1_BEE35702.1	Sind_AT1_BEE35702.1	donor_type::aromatic	donor_type::aromatic	1,0	1,0	0.719555,-0.725485
Sind_AT2_BEE35703.1	Sind_AT2_BEE35703.1	donor_type::aromatic	donor_type::aromatic	1,0	1,0	0.724417,-0.708497
Sind_AT1_BEE35702.1	Sind_SHCT_XP_011083883.1	donor_type::aromatic	donor_type::aromatic	1,0	1,0	0.708689,-0.677864
Slyc_AAT1_XP_004244681.1	Slyc_AAT1_XP_004244681.1	donor_type::aliphatic	donor_type::aliphatic	0,1	0,1	-1.501669,1.754956
Slyc_PHT1_UTQ10234.1	Slyc_ACT2_XP_004251197.1	donor_type::aromatic	donor_type::aromatic	1,0	1,0	0.503730,-0.459513
Slyc_ASAT1_NP_001316332.1	Slyc_ASAT1_NP_001316332.1	donor_type::aliphatic	donor_type::aliphatic	0,1	0,1	-0.892612,0.963539
Slyc_ASAT2_ALU64015.1	Slyc_ASAT2_ALU64015.1	donor_type::aliphatic	donor_type::aliphatic	0,1	0,1	-0.983298,1.029725
Slyc_ASAT3_AJF98582.1	Slyc_ASAT3_AJF98582.1	donor_type::aliphatic	donor_type::aliphatic	0,1	0,1	-0.873764,0.963916
Slyc_ASAT4_AFM77971.1	Slyc_ASAT4_AFM77971.1	donor_type::aliphatic	donor_type::aliphatic	0,1	0,1	-0.216068,0.181390
Slyc_GAME36_XP_004246214.1	Slyc_GAME36_XP_004246214.1	donor_type::aliphatic	donor_type::aliphatic	0,1	0,1	-0.721111,0.834145
Slyc_HCT_XP_004235891.1	Slyc_HCT_XP_004235891.1	donor_type::aromatic	donor_type::aromatic	1,0	1,0	0.982249,-0.926086
Slyc_HQT_CAE46933.1	Slyc_HQT_CAE46933.1	donor_type::aromatic	donor_type::aromatic	1,0	1,0	0.651539,-0.615427
Slyc_PHT1_UTQ10234.1	Slyc_PHT1_UTQ10234.1	donor_type::aromatic	donor_type::aromatic	1,0	1,0	0.510873,-0.477346
Slyc_PHT2_UTQ10235.1	Slyc_PHT2_UTQ10235.1	donor_type::aromatic	donor_type::aromatic	1,0	1,0	0.442301,-0.384066
Slyc_SHT_QNO39109.1	Slyc_SHT_QNO39109.1	donor_type::aromatic	donor_type::aromatic	1,0	1,0	0.696096,-0.638952
Smel_SHT_AKP24035.1	Smel_SHT_AKP24035.1	donor_type::aromatic	donor_type::aliphatic	1,0	0,1	-0.642819,0.654915
Smoe_HCT1a_XP_002979061.1	Smoe_HCT1a_XP_002979061.1	donor_type::aromatic	donor_type::aromatic	1,0	1,0	0.979355,-0.992535
Sneo_AAT10247_BCJ78484.1	Sneo_AAT10247_BCJ78484.1	donor_type::aliphatic	donor_type::aromatic;donor_type::aliphatic	0,1	1,1	0.013493,0.171384
Snig_AGAT1_WES72146.1	Snig_AGAT1_WES72146.1	donor_type::aliphatic	donor_type::aliphatic	0,1	0,1	-0.404207,0.409102
Snig_ASAT1_ART34015.1	Snig_ASAT1_ART34015.1	donor_type::aliphatic	donor_type::aliphatic	0,1	0,1	-0.848751,0.894557
Snig_ASAT2_WES72145.1	Snig_ASAT2_WES72145.1	donor_type::aliphatic	donor_type::aliphatic	0,1	0,1	-1.019120,1.145290
Snux_AT_UQZ09626.1	Snux_AT_UQZ09626.1	donor_type::aliphatic	donor_type::aliphatic	0,1	0,1	-0.794388,0.781449
Soff_AAT1_BDW80084.1	Soff_AAT1_BDW80084.1	donor_type::aliphatic	donor_type::aliphatic	0,1	0,1	-0.837200,0.899324
Sole_SOAP10_KNA12459.1	Sole_SOAP10_KNA12459.1	donor_type::aliphatic	donor_type::aliphatic	0,1	0,1	-0.948932,0.876286
Some_HCT_EFJ20018.1	Some_HCT_EFJ20018.1	donor_type::aromatic	donor_type::aromatic	1,0	1,0	0.938557,-0.980784
Spen_AAT12560_BCJ78487.1	Spen_AAT12560_BCJ78487.1	donor_type::aliphatic	donor_type::aliphatic	0,1	0,1	-0.085416,0.276149
Spen_AAT1_AIW04708.1	Spen_AAT1_AIW04708.1	donor_type::aliphatic	donor_type::aliphatic	0,1	0,1	-0.094992,0.283183
Spen_ASAT2_ALU64005.1	Spen_ASAT2_ALU64005.1	donor_type::aliphatic	donor_type::aliphatic	0,1	0,1	-0.982355,1.114248
Spen_ASAT3_AJF98583.1	Spen_ASAT3_AJF98583.1	donor_type::aliphatic	donor_type::aliphatic	0,1	0,1	-0.698446,0.717483
Spim_AAT11589_BCJ78481.1	Spim_AAT11589_BCJ78481.1	donor_type::aliphatic	donor_type::aliphatic	0,1	0,1	-0.230121,0.339579
Spot_AT_UQZ09635.1	Spot_AT_UQZ09635.1	donor_type::aliphatic	donor_type::aliphatic	0,1	0,1	-0.865177,0.854989
Squi_ASAT1H_UTN00742.1	Squi_ASAT1H_UTN00742.1	donor_type::aliphatic	donor_type::aliphatic	0,1	0,1	-1.119073,1.177406
Squi_ASAT3H_UTN00743.1	Squi_ASAT3H_UTN00743.1	donor_type::aliphatic	donor_type::aliphatic	0,1	0,1	-1.180818,1.308880
Squi_ASAT4H_QNR60312.1	Squi_ASAT4H_QNR60312.1	donor_type::aliphatic	donor_type::aliphatic	0,1	0,1	-0.235786,0.220522
Squi_TAIAT_QNR60311.1	Squi_TAIAT_QNR60311.1	donor_type::aliphatic	donor_type::aliphatic	0,1	0,1	-0.409316,0.410414
Sric_SHT_AMB21755.1	Sric_SHT_AMB21755.1	donor_type::aromatic	donor_type::aliphatic	1,0	0,1	-0.627310,0.633342
Ssin_ASAT1_ART34011.1	Ssin_ASAT1_ART34011.1	donor_type::aliphatic	donor_type::aliphatic	0,1	0,1	-1.041170,1.143930
Ssin_ASAT2_ART34012.1	Ssin_ASAT2_ART34012.1	donor_type::aliphatic	donor_type::aliphatic	0,1	0,1	-0.687090,0.862301
Ssin_ASAT3_ART34013.1	Ssin_ASAT3_ART34013.1	donor_type::aliphatic	donor_type::aliphatic	0,1	0,1	-0.831819,0.996903
Ssin_ASAT5_ART34014.1	Ssin_ASAT5_ART34014.1	donor_type::aliphatic	donor_type::aliphatic	0,1	0,1	-0.444058,0.446314
Sspl_5MAT1_AAL50566.1	Sspl_5MAT1_AAL50566.1	donor_type::aliphatic	donor_type::aliphatic	0,1	0,1	-0.203665,0.156561
Sspl_5MAT2_AAR26385.1	Sspl_5MAT2_AAR26385.1	donor_type::aliphatic	donor_type::aliphatic	0,1	0,1	-0.180153,0.261182
Stub_COSY_M0ZYT4	Stub_COSY_M0ZYT4	donor_type::aromatic	donor_type::aliphatic	1,0	0,1	-0.182582,0.331300
Stub_FHT_NP_001275190.1	Stub_FHT_NP_001275190.1	donor_type::aromatic	donor_type::aromatic	1,0	1,0	0.741829,-0.704234
Taes_ACT1-1_BCN87078.1	Taes_ACT1-1_BCN87078.1	donor_type::aromatic	donor_type::aromatic	1,0	1,0	0.618773,-0.589266
Taes_ACT1-2_BCN87079.1	Taes_ACT1-2_BCN87079.1	donor_type::aromatic	donor_type::aromatic	1,0	1,0	0.620759,-0.547886
Taes_ACT2_AMY96376.1	Taes_ACT2_AMY96376.1	donor_type::aromatic	donor_type::aromatic	1,0	1,0	0.570731,-0.557881
Tant_HQT1_QCI44191.1	Tant_HQT1_QCI44191.1	donor_type::aromatic	donor_type::aromatic	1,0	1,0	0.719026,-0.705252
Tant_HQT2_QBQ52948.1	Tant_HQT2_QBQ52948.1	donor_type::aromatic	donor_type::aromatic	1,0	1,0	0.728211,-0.740984
Tcan_TAX10_AAM75818.1	Tcan_TAX10_AAM75818.1	donor_type::aromatic	donor_type::aliphatic	1,0	0,1	-0.115229,0.215485
Tcus_BAPT_AAL92459.1	Tcus_BAPT_AAL92459.1	donor_type::aromatic	donor_type::aliphatic	1,0	0,1	-0.297164,0.425616
Tcus_DBAT_AAF27621.1	Tcus_DBAT_AAF27621.1	donor_type::aliphatic	donor_type::aliphatic	0,1	0,1	-0.118868,0.314440
Tcus_TBT_AAG38049.1	Tcus_DBBT_AAG38049.1	donor_type::aromatic	donor_type::aliphatic	1,0	0,1	-0.292860,0.389323
Tcus_DBNTBT_AAM75818.1	Tcus_DBNTBT_AAM75818.1	donor_type::aromatic	donor_type::aliphatic	1,0	0,1	-0.079203,0.181535
Tcus_TAT_AAF34254.1	Tcus_TAT_AAF34254.1	donor_type::aliphatic	donor_type::aliphatic	0,1	0,1	-0.217594,0.344154
Tcus_TAX19_AAU89980.1	Tcus_TAX19_AAU89980.1	donor_type::aliphatic	donor_type::aromatic;donor_type::aliphatic	0,1	1,1	0.022002,0.060429
Tcus_TAT_AAF34254.1	Tcus_TAX1_AAF34254.1	donor_type::aliphatic	donor_type::aliphatic	0,1	0,1	-0.171288,0.332577
Tcus_TBT_AAG38049.1	Tcus_TBT_AAG38049.1	donor_type::aliphatic	donor_type::aliphatic	0,1	0,1	-0.292860,0.389323
Tmed_BAHD22_QDM39185.1	Tmed_BAHD22_QDM39185.1	donor_type::aliphatic	donor_type::aliphatic	0,1	0,1	-0.411525,0.557072
Tmed_BAHD6-13_BEK82039.1	Tmed_BAHD6-13_BEK82039.1	donor_type::aliphatic	donor_type::aliphatic	0,1	0,1	-0.290252,0.388315
Tmed_DBAT_QDM39186.1	Tmed_DBAT_QDM39186.1	donor_type::aliphatic	donor_type::aliphatic	0,1	0,1	-0.259004,0.447015
Tmed_TAT_QDM39184.1	Tmed_TAT_QDM39184.1	donor_type::aliphatic	donor_type::aliphatic	0,1	0,1	-0.145478,0.234452
Tpra_HST_ACI16630.1	Tpra_HCT1A_ACI16630.1	donor_type::aromatic	donor_type::aromatic	1,0	1,0	1.044680,-0.971734
Tpra_HMT_ACI16631.1	Tpra_HCT2_ACI16631.1	donor_type::aromatic	donor_type::aromatic	1,0	1,0	0.453953,-0.379519
Tpra_HDT1_AXB87812.1	Tpra_HDT1_AXB87812.1	donor_type::aromatic	donor_type::aromatic	1,0	1,0	0.573227,-0.567687
Tpra_HDT1_AXB87812.1	Tpra_HDT_AXB87812.1	donor_type::aromatic	donor_type::aromatic	1,0	1,0	0.566798,-0.570803
Tpra_HMT_ACI16631.1	Tpra_HMT_ACI16631.1	donor_type::aromatic	donor_type::aromatic	1,0	1,0	0.444566,-0.383497
Tpra_HST_ACI16630.1	Tpra_HST_ACI16630.1	donor_type::aromatic	donor_type::aromatic	1,0	1,0	1.057403,-1.007159
Twal_DBAT_AFD32413.1	Twal_DBAT_AFD32413.1	donor_type::aliphatic	donor_type::aliphatic	0,1	0,1	-0.345245,0.501768
Vhyb_3MAT1_AAS77402.1	Vhyb_3MAT1_AAS77402.1	donor_type::aliphatic	donor_type::aromatic	0,1	1,0	0.096156,-0.044153
Vlab_AMAT_AAW22989.1	Vlab_AMAT_AAW22989.1	donor_type::aromatic;donor_type::aliphatic	donor_type::aliphatic	1,1	0,1	-0.019109,0.172169
Vvin_3AT_AKF15588.1	Vvin_3AT_AKF15588.1	donor_type::aromatic;donor_type::aliphatic	donor_type::aliphatic	1,1	0,1	-0.490686,0.523516
Vvin_AAT2_CBI26419.3	Vvin_AAT2_CBI26419.3	donor_type::aliphatic	donor_type::aromatic	0,1	1,0	0.139868,-0.046837
Vvin_SHT_QNO39112.1	Vvin_SHT_QNO39112.1	donor_type::aromatic	donor_type::aromatic	1,0	1,0	0.685000,-0.633550
Wlon_BAT1_NA	Wlon_BAT1_NA	donor_type::aliphatic	donor_type::aliphatic	0,1	0,1	-0.105042,0.147745
Wlon_BAT2_NA	Wlon_BAT2_NA	donor_type::aliphatic	donor_type::aliphatic	0,1	0,1	-0.137793,0.136682
Wlon_BAT3_NA	Wlon_BAT3_NA	donor_type::aliphatic	donor_type::aromatic;donor_type::aliphatic	0,1	1,1	0.056282,0.034318
Wvil_BAT1_WvBAHD8	Wvil_BAT1_WvBAHD8	donor_type::aliphatic	donor_type::aromatic;donor_type::aliphatic	0,1	1,1	0.009683,0.220168
Wvil_BAT2_WvBAHD14	Wvil_BAT2_WvBAHD14	donor_type::aliphatic	donor_type::aliphatic	0,1	0,1	-0.264907,0.520756
Wvil_BAT3_WvBAHD39	Wvil_BAT3_WvBAHD39	donor_type::aliphatic	donor_type::aliphatic	0,1	0,1	-0.162491,0.211738
Wvil_BAT4_WvBAHD40	Wvil_BAT4_WvBAHD40	donor_type::aliphatic	donor_type::aromatic;donor_type::aliphatic	0,1	1,1	0.022704,0.089816
Wvil_BAT5_WvBAHD50	Wvil_BAT5_WvBAHD50	donor_type::aliphatic	donor_type::aromatic;donor_type::aliphatic	0,1	1,1	0.147767,0.024324
Wvil_BAT6_WvBAHD28	Wvil_BAT6_WvBAHD28	donor_type::aliphatic	donor_type::aromatic	0,1	1,0	0.784309,-0.742882
Zmay_AAT1_ONM11762.1	Zmay_AAT1_ONM11762.1	donor_type::aliphatic	donor_type::aliphatic	0,1	0,1	-0.441036,0.517511
Zmay_CAT_ACF87722.1	Zmay_CAT_ACF87722.1	donor_type::aromatic	donor_type::aliphatic	1,0	0,1	-0.024735,0.146824
Zmay_FMT_AQK78565.1	Zmay_FMT_AQK78565.1	donor_type::aromatic	donor_type::aliphatic	1,0	0,1	-0.089161,0.270121
