rank	label	cv_aupr	cv_positive_count	n_pos	n_neg	max_auroc	min_auroc	max_abs_dev	perm_threshold_95_dev	n_cells_above_perm_95	frac_cells_above_perm_95	n_cells_neg_log10_p_ge_2	n_cells_neg_log10_p_ge_3	top_cells_kept	skip_reason	top_cells_path	heatmap_path
1	acceptor_superclass::Diarylheptanoids		0	1	365					0	0.0000	0	0	0	too_few_pos_or_neg		
2	acceptor_superclass::Polyols		0	1	365					0	0.0000	0	0	0	too_few_pos_or_neg		
3	acceptor_superclass::Sesquiterpenoids		0	1	365					0	0.0000	0	0	0	too_few_pos_or_neg		
4	acceptor_superclass::Stilbenoids		0	1	365					0	0.0000	0	0	0	too_few_pos_or_neg		
5	acceptor_superclass::Phenolic acids (C6-C1)	0.9633	78	78	288	0.9440	0.0656	0.4440	0.1760	23067	0.3004	44862	0	0		/content/drive/MyDrive/DeepLearning_final_proj/Model_Interpretability/analysis_outputs/discriminative_features_full/per_label_top_cells/acceptor_superclass__Phenolic_acids__C6-C1___top_cells.tsv	/content/drive/MyDrive/DeepLearning_final_proj/Model_Interpretability/analysis_outputs/discriminative_features_full/per_label_heatmaps/acceptor_superclass__Phenolic_acids__C6-C1___discriminative.png
6	donor_type::aliphatic	0.9545	175	175	191	0.9004	0.1084	0.4004	0.1481	20425	0.2660	43791	0	0		/content/drive/MyDrive/DeepLearning_final_proj/Model_Interpretability/analysis_outputs/discriminative_features_full/per_label_top_cells/donor_type__aliphatic__top_cells.tsv	/content/drive/MyDrive/DeepLearning_final_proj/Model_Interpretability/analysis_outputs/discriminative_features_full/per_label_heatmaps/donor_type__aliphatic__discriminative.png
7	donor_type::aromatic	0.9745	213	213	153	0.8801	0.1072	0.3928	0.1455	19633	0.2556	42249	0	0		/content/drive/MyDrive/DeepLearning_final_proj/Model_Interpretability/analysis_outputs/discriminative_features_full/per_label_top_cells/donor_type__aromatic__top_cells.tsv	/content/drive/MyDrive/DeepLearning_final_proj/Model_Interpretability/analysis_outputs/discriminative_features_full/per_label_heatmaps/donor_type__aromatic__discriminative.png
8	acceptor_superclass::Naphthalenes	0.9371	19	19	347	0.9929	0.0185	0.4929	0.3197	6856	0.0893	30861	0	0		/content/drive/MyDrive/DeepLearning_final_proj/Model_Interpretability/analysis_outputs/discriminative_features_full/per_label_top_cells/acceptor_superclass__Naphthalenes__top_cells.tsv	/content/drive/MyDrive/DeepLearning_final_proj/Model_Interpretability/analysis_outputs/discriminative_features_full/per_label_heatmaps/acceptor_superclass__Naphthalenes__discriminative.png
9	acceptor_superclass::Ornithine alkaloids	0.9282	43	43	323	0.8867	0.1009	0.3991	0.2212	5223	0.0680	27601	0	0		/content/drive/MyDrive/DeepLearning_final_proj/Model_Interpretability/analysis_outputs/discriminative_features_full/per_label_top_cells/acceptor_superclass__Ornithine_alkaloids__top_cells.tsv	
10	acceptor_superclass::Flavonoids	0.7008	42	42	324	0.8908	0.1167	0.3908	0.2280	4784	0.0623	27046	0	0		/content/drive/MyDrive/DeepLearning_final_proj/Model_Interpretability/analysis_outputs/discriminative_features_full/per_label_top_cells/acceptor_superclass__Flavonoids__top_cells.tsv	
11	acceptor_superclass::Fatty acyls	0.7706	38	38	328	0.8691	0.1379	0.3691	0.2373	2296	0.0299	21532	0	0		/content/drive/MyDrive/DeepLearning_final_proj/Model_Interpretability/analysis_outputs/discriminative_features_full/per_label_top_cells/acceptor_superclass__Fatty_acyls__top_cells.tsv	
12	acceptor_superclass::Isoflavonoids	0.7216	12	12	354	0.9769	0.0226	0.4774	0.3712	2037	0.0265	21134	0	0		/content/drive/MyDrive/DeepLearning_final_proj/Model_Interpretability/analysis_outputs/discriminative_features_full/per_label_top_cells/acceptor_superclass__Isoflavonoids__top_cells.tsv	
13	acceptor_superclass::Diterpenoids	0.8655	17	17	349	0.9622	0.0199	0.4801	0.3275	1897	0.0247	16415	0	0		/content/drive/MyDrive/DeepLearning_final_proj/Model_Interpretability/analysis_outputs/discriminative_features_full/per_label_top_cells/acceptor_superclass__Diterpenoids__top_cells.tsv	
14	acceptor_superclass::Small peptides	0.3749	21	21	345	0.8955	0.0792	0.4208	0.3030	1386	0.0180	17796	0	0		/content/drive/MyDrive/DeepLearning_final_proj/Model_Interpretability/analysis_outputs/discriminative_features_full/per_label_top_cells/acceptor_superclass__Small_peptides__top_cells.tsv	
15	acceptor_superclass::Pseudoalkaloids	0.6491	28	28	338	0.9055	0.1049	0.4055	0.2665	1216	0.0158	17191	0	0		/content/drive/MyDrive/DeepLearning_final_proj/Model_Interpretability/analysis_outputs/discriminative_features_full/per_label_top_cells/acceptor_superclass__Pseudoalkaloids__top_cells.tsv	
16	acceptor_superclass::Fatty Acids and Conjugates	0.7676	16	16	350	0.9538	0.0664	0.4538	0.3375	511	0.0067	13853	0	0		/content/drive/MyDrive/DeepLearning_final_proj/Model_Interpretability/analysis_outputs/discriminative_features_full/per_label_top_cells/acceptor_superclass__Fatty_Acids_and_Conjugates__top_cells.tsv	
17	acceptor_superclass::Lysine alkaloids	0.8071	5	5	361	0.9978	0.0033	0.4978	0.4757	114	0.0015	9584	0	0		/content/drive/MyDrive/DeepLearning_final_proj/Model_Interpretability/analysis_outputs/discriminative_features_full/per_label_top_cells/acceptor_superclass__Lysine_alkaloids__top_cells.tsv	
18	acceptor_superclass::Phenylpropanoids (C6-C3)	0.4847	40	40	326	0.7836	0.2275	0.2836	0.2294	75	0.0010	6416	0	0		/content/drive/MyDrive/DeepLearning_final_proj/Model_Interpretability/analysis_outputs/discriminative_features_full/per_label_top_cells/acceptor_superclass__Phenylpropanoids__C6-C3___top_cells.tsv	
19	acceptor_superclass::Monoterpenoids	0.5250	22	22	344	0.8299	0.1493	0.3507	0.2932	50	0.0007	7454	0	0		/content/drive/MyDrive/DeepLearning_final_proj/Model_Interpretability/analysis_outputs/discriminative_features_full/per_label_top_cells/acceptor_superclass__Monoterpenoids__top_cells.tsv	
20	acceptor_superclass::Saccharides	0.8072	7	7	359	0.9706	0.0175	0.4825	0.4448	41	0.0005	6781	0	0		/content/drive/MyDrive/DeepLearning_final_proj/Model_Interpretability/analysis_outputs/discriminative_features_full/per_label_top_cells/acceptor_superclass__Saccharides__top_cells.tsv	
21	acceptor_superclass::Tryptophan alkaloids	0.7799	15	15	351	0.8860	0.1210	0.3860	0.3405	33	0.0004	5291	0	0		/content/drive/MyDrive/DeepLearning_final_proj/Model_Interpretability/analysis_outputs/discriminative_features_full/per_label_top_cells/acceptor_superclass__Tryptophan_alkaloids__top_cells.tsv	
22	acceptor_superclass::Phenylethanoids (C6-C2)	0.4962	21	21	345	0.8487	0.1440	0.3560	0.3032	26	0.0003	6878	0	0		/content/drive/MyDrive/DeepLearning_final_proj/Model_Interpretability/analysis_outputs/discriminative_features_full/per_label_top_cells/acceptor_superclass__Phenylethanoids__C6-C2___top_cells.tsv	
23	acceptor_superclass::Steroids	0.6425	5	5	361	0.9939	0.0116	0.4939	0.4756	20	0.0003	5994	0	0		/content/drive/MyDrive/DeepLearning_final_proj/Model_Interpretability/analysis_outputs/discriminative_features_full/per_label_top_cells/acceptor_superclass__Steroids__top_cells.tsv	
24	acceptor_superclass::Tyrosine alkaloids	0.2969	14	14	352	0.8720	0.1088	0.3912	0.3541	8	0.0001	4314	0	0		/content/drive/MyDrive/DeepLearning_final_proj/Model_Interpretability/analysis_outputs/discriminative_features_full/per_label_top_cells/acceptor_superclass__Tyrosine_alkaloids__top_cells.tsv	
25	acceptor_superclass::Coumarins	0.0778	2	2	364	1.0000	0.0000	0.5000	0.5000	0	0.0000	1912	0	0		/content/drive/MyDrive/DeepLearning_final_proj/Model_Interpretability/analysis_outputs/discriminative_features_full/per_label_top_cells/acceptor_superclass__Coumarins__top_cells.tsv	
26	acceptor_superclass::Cyclic polyketides	1.0000	2	2	364	1.0000	0.0000	0.5000	0.5000	0	0.0000	5164	0	0		/content/drive/MyDrive/DeepLearning_final_proj/Model_Interpretability/analysis_outputs/discriminative_features_full/per_label_top_cells/acceptor_superclass__Cyclic_polyketides__top_cells.tsv	
27	acceptor_superclass::Lignans	0.0250	2	2	364	1.0000	0.0027	0.5000	0.5000	0	0.0000	478	0	0		/content/drive/MyDrive/DeepLearning_final_proj/Model_Interpretability/analysis_outputs/discriminative_features_full/per_label_top_cells/acceptor_superclass__Lignans__top_cells.tsv	
28	acceptor_superclass::Phenanthrenoids	0.0806	3	3	363	0.9945	0.0083	0.4945	0.4973	0	0.0000	1414	0	0		/content/drive/MyDrive/DeepLearning_final_proj/Model_Interpretability/analysis_outputs/discriminative_features_full/per_label_top_cells/acceptor_superclass__Phenanthrenoids__top_cells.tsv	
29	acceptor_superclass::Triterpenoids	0.2915	9	9	357	0.8973	0.0968	0.4032	0.4136	0	0.0000	2380	0	0		/content/drive/MyDrive/DeepLearning_final_proj/Model_Interpretability/analysis_outputs/discriminative_features_full/per_label_top_cells/acceptor_superclass__Triterpenoids__top_cells.tsv	
