fasta_id	enzyme_id	embedding_path	true_labels	predicted_labels	true_vector	pred_vector	score_vector
Aagr_HCT6_QPI70575.1	Aagr_HCT6_QPI70575.1	/content/drive/MyDrive/CS_5782_Final_Project/code_and_data/BAHD_lastLayer_embeddings/Aagr_HCT6_QPI70575.1_hidden_layer_steps10.pt	donor_type::aromatic	donor_type::aromatic	1,0	1,0	6.379142,-7.805902
Aagr_HFT-like_Aagr000038l.49.1	Aagr_HFT-like_Aagr000038l.49.1	/content/drive/MyDrive/CS_5782_Final_Project/code_and_data/BAHD_lastLayer_embeddings/Aagr_HFT-like_Aagr000038l.49.1_hidden_layer_steps10.pt	donor_type::aromatic	donor_type::aromatic	1,0	1,0	3.488791,-10.244407
Abel_TS_WPF47615.1	Abel_TS_WPF47615.1	/content/drive/MyDrive/CS_5782_Final_Project/code_and_data/BAHD_lastLayer_embeddings/Abel_TS_WPF47615.1_hidden_layer_steps10.pt	donor_type::aromatic;donor_type::aliphatic	donor_type::aliphatic	1,1	0,1	-3.955244,4.911104
Achi_AT16_PSS01274.1	Achi_AT16_PSS01274.1	/content/drive/MyDrive/CS_5782_Final_Project/code_and_data/BAHD_lastLayer_embeddings/Achi_AT16_PSS01274.1_hidden_layer_steps10.pt	donor_type::aromatic;donor_type::aliphatic	donor_type::aromatic;donor_type::aliphatic	1,1	1,1	2.574902,5.071673
Achi_FHT_PSR89440.1	Achi_FHT_PSR89440.1	/content/drive/MyDrive/CS_5782_Final_Project/code_and_data/BAHD_lastLayer_embeddings/Achi_FHT_PSR89440.1_hidden_layer_steps10.pt	donor_type::aromatic	donor_type::aromatic	1,0	1,0	4.875443,-6.736460
Aeri_AT9_AIC83789.1	Aeri_AT9_AIC83789.1	/content/drive/MyDrive/CS_5782_Final_Project/code_and_data/BAHD_lastLayer_embeddings/Aeri_AT9_AIC83789.1_hidden_layer_steps10.pt	donor_type::aromatic;donor_type::aliphatic	donor_type::aliphatic	1,1	0,1	-1.748498,0.460488
Aeuc_AAT1_BDW80083.1	Aeuc_AAT1_BDW80083.1	/content/drive/MyDrive/CS_5782_Final_Project/code_and_data/BAHD_lastLayer_embeddings/Aeuc_AAT1_BDW80083.1_hidden_layer_steps10.pt	donor_type::aliphatic	donor_type::aliphatic	0,1	0,1	-11.221490,14.819240
Aeuc_AAT2_BDW80089.1	Aeuc_AAT2_BDW80089.1	/content/drive/MyDrive/CS_5782_Final_Project/code_and_data/BAHD_lastLayer_embeddings/Aeuc_AAT2_BDW80089.1_hidden_layer_steps10.pt	donor_type::aliphatic	donor_type::aliphatic	0,1	0,1	-7.761157,10.538042
Aeuc_SAT2_BDW80080.1	Aeuc_SAT2_BDW80080.1	/content/drive/MyDrive/CS_5782_Final_Project/code_and_data/BAHD_lastLayer_embeddings/Aeuc_SAT2_BDW80080.1_hidden_layer_steps10.pt	donor_type::aliphatic	donor_type::aliphatic	0,1	0,1	-10.032328,13.907027
Amem_AT7-3_WMQ79387.1	Amem_AT7-3_WMQ79387.1	/content/drive/MyDrive/CS_5782_Final_Project/code_and_data/BAHD_lastLayer_embeddings/Amem_AT7-3_WMQ79387.1_hidden_layer_steps10.pt	donor_type::aliphatic		0,1	0,0	-2.781012,-1.649231
Arac_HPT1_QAA12830.1	Arac_HPT1_QAA12830.1	/content/drive/MyDrive/CS_5782_Final_Project/code_and_data/BAHD_lastLayer_embeddings/Arac_HPT1_QAA12830.1_hidden_layer_steps10.pt	donor_type::aromatic	donor_type::aromatic;donor_type::aliphatic	1,0	1,1	1.242902,0.332085
Asat_HCBT_BAC78635.1	Asat_HCBT_BAC78635.1	/content/drive/MyDrive/CS_5782_Final_Project/code_and_data/BAHD_lastLayer_embeddings/Asat_HCBT_BAC78635.1_hidden_layer_steps10.pt	donor_type::aromatic	donor_type::aromatic	1,0	1,0	12.380497,-11.671848
Asat_HHT1_BAC78633.1	Asat_HHT1_BAC78633.1	/content/drive/MyDrive/CS_5782_Final_Project/code_and_data/BAHD_lastLayer_embeddings/Asat_HHT1_BAC78633.1_hidden_layer_steps10.pt	donor_type::aromatic	donor_type::aromatic	1,0	1,0	7.451830,-8.941051
Asat_HHT4_QDC27803.1	Asat_HHT4_QDC27803.1	/content/drive/MyDrive/CS_5782_Final_Project/code_and_data/BAHD_lastLayer_embeddings/Asat_HHT4_QDC27803.1_hidden_layer_steps10.pt	donor_type::aromatic	donor_type::aromatic	1,0	1,0	14.108818,-16.372231
Asch_AKS1_URS65387.1	Asch_AKS1_URS65387.1	/content/drive/MyDrive/CS_5782_Final_Project/code_and_data/BAHD_lastLayer_embeddings/Asch_AKS1_URS65387.1_hidden_layer_steps10.pt	donor_type::aliphatic	donor_type::aliphatic	0,1	0,1	-12.732047,11.102864
Asch_AKS2_URS65388.1	Asch_AKS2_URS65388.1	/content/drive/MyDrive/CS_5782_Final_Project/code_and_data/BAHD_lastLayer_embeddings/Asch_AKS2_URS65388.1_hidden_layer_steps10.pt	donor_type::aliphatic	donor_type::aliphatic	0,1	0,1	-8.632633,4.485280
Asin_FMT_AHL24755.1	Asin_FMT_AHL24755.1	/content/drive/MyDrive/CS_5782_Final_Project/code_and_data/BAHD_lastLayer_embeddings/Asin_FMT_AHL24755.1_hidden_layer_steps10.pt	donor_type::aromatic	donor_type::aliphatic	1,0	0,1	-6.024986,5.401162
Atha_3AT1_AEE27636.1	Atha_3AT1_AEE27636.1	/content/drive/MyDrive/CS_5782_Final_Project/code_and_data/BAHD_lastLayer_embeddings/Atha_3AT1_AEE27636.1_hidden_layer_steps10.pt	donor_type::aromatic;donor_type::aliphatic	donor_type::aliphatic	1,1	0,1	-1.935796,4.775586
Atha_3AT2_AAF86513.1	Atha_3AT2_AAF86513.1	/content/drive/MyDrive/CS_5782_Final_Project/code_and_data/BAHD_lastLayer_embeddings/Atha_3AT2_AAF86513.1_hidden_layer_steps10.pt	donor_type::aromatic;donor_type::aliphatic	donor_type::aromatic;donor_type::aliphatic	1,1	1,1	0.112871,2.810487
Atha_5MAT_BAB01191.1	Atha_5MAT_BAB01191.1	/content/drive/MyDrive/CS_5782_Final_Project/code_and_data/BAHD_lastLayer_embeddings/Atha_5MAT_BAB01191.1_hidden_layer_steps10.pt	donor_type::aliphatic	donor_type::aliphatic	0,1	0,1	-0.338925,0.399947
Atha_ACT1_NP_200924.1	Atha_ACT1_NP_200924.1	/content/drive/MyDrive/CS_5782_Final_Project/code_and_data/BAHD_lastLayer_embeddings/Atha_ACT1_NP_200924.1_hidden_layer_steps10.pt	donor_type::aromatic	donor_type::aliphatic	1,0	0,1	-3.675176,2.839755
Atha_HHT1_AAL34170.1	Atha_ASFT_NP_851111.1	/content/drive/MyDrive/CS_5782_Final_Project/code_and_data/BAHD_lastLayer_embeddings/Atha_HHT1_AAL34170.1_hidden_layer_steps10.pt	donor_type::aromatic	donor_type::aromatic	1,0	1,0	8.916765,-5.052746
Atha_AT3G47170_NP_190301.2	Atha_AT3G47170_NP_190301.2	/content/drive/MyDrive/CS_5782_Final_Project/code_and_data/BAHD_lastLayer_embeddings/Atha_AT3G47170_NP_190301.2_hidden_layer_steps10.pt	donor_type::aromatic	donor_type::aromatic	1,0	1,0	0.257500,-4.734152
Atha_PHT_OAO95042.1	Atha_AT5G07080_OAO95042.1	/content/drive/MyDrive/CS_5782_Final_Project/code_and_data/BAHD_lastLayer_embeddings/Atha_PHT_OAO95042.1_hidden_layer_steps10.pt	donor_type::aromatic	donor_type::aromatic	1,0	1,0	3.920957,-3.785146
Atha_BIA1_CAB10319.1	Atha_BIA1_CAB10319.1	/content/drive/MyDrive/CS_5782_Final_Project/code_and_data/BAHD_lastLayer_embeddings/Atha_BIA1_CAB10319.1_hidden_layer_steps10.pt	donor_type::aliphatic	donor_type::aliphatic	0,1	0,1	-1.673796,4.388765
Atha_CHAT_AAN09797.1	Atha_CHAT_AAN09797.1	/content/drive/MyDrive/CS_5782_Final_Project/code_and_data/BAHD_lastLayer_embeddings/Atha_CHAT_AAN09797.1_hidden_layer_steps10.pt	donor_type::aliphatic	donor_type::aromatic;donor_type::aliphatic	0,1	1,1	2.647393,0.736467
Atha_COSY_AEE31013.1	Atha_COSY_AEE31013.1	/content/drive/MyDrive/CS_5782_Final_Project/code_and_data/BAHD_lastLayer_embeddings/Atha_COSY_AEE31013.1_hidden_layer_steps10.pt	donor_type::aromatic	donor_type::aromatic	1,0	1,0	1.000931,-2.949306
Atha_DCF_AAQ62868.1	Atha_DCF_AAQ62868.1	/content/drive/MyDrive/CS_5782_Final_Project/code_and_data/BAHD_lastLayer_embeddings/Atha_DCF_AAQ62868.1_hidden_layer_steps10.pt	donor_type::aromatic	donor_type::aromatic	1,0	1,0	0.437562,-1.963089
Atha_EPS1_NP_201517.1	Atha_EPS1_NP_201517.1	/content/drive/MyDrive/CS_5782_Final_Project/code_and_data/BAHD_lastLayer_embeddings/Atha_EPS1_NP_201517.1_hidden_layer_steps10.pt		donor_type::aliphatic	0,0	0,1	-3.203363,5.992060
Atha_FACT_AAN13119.1	Atha_FACT_AAN13119.1	/content/drive/MyDrive/CS_5782_Final_Project/code_and_data/BAHD_lastLayer_embeddings/Atha_FACT_AAN13119.1_hidden_layer_steps10.pt	donor_type::aromatic	donor_type::aromatic	1,0	1,0	5.036507,-3.930117
Atha_GGES_AED96958.1	Atha_GGES_AED96958.1	/content/drive/MyDrive/CS_5782_Final_Project/code_and_data/BAHD_lastLayer_embeddings/Atha_GGES_AED96958.1_hidden_layer_steps10.pt	donor_type::aromatic;donor_type::aliphatic	donor_type::aromatic	1,1	1,0	7.418023,-1.085045
Atha_HCT_BAB10316.1	Atha_HCT_BAB10316.1	/content/drive/MyDrive/CS_5782_Final_Project/code_and_data/BAHD_lastLayer_embeddings/Atha_HCT_BAB10316.1_hidden_layer_steps10.pt	donor_type::aromatic	donor_type::aromatic	1,0	1,0	6.505192,-6.885801
Atha_HHT1_AAL34170.1	Atha_HHT1_AAL34170.1	/content/drive/MyDrive/CS_5782_Final_Project/code_and_data/BAHD_lastLayer_embeddings/Atha_HHT1_AAL34170.1_hidden_layer_steps10.pt	donor_type::aromatic	donor_type::aromatic	1,0	1,0	8.916765,-5.052746
Atha_FACT_AAN13119.1	Atha_HHT3_NP_201161.1	/content/drive/MyDrive/CS_5782_Final_Project/code_and_data/BAHD_lastLayer_embeddings/Atha_FACT_AAN13119.1_hidden_layer_steps10.pt	donor_type::aromatic	donor_type::aromatic	1,0	1,0	6.922234,-4.287026
Atha_HHT1_AAL34170.1	Atha_HHT_AAL34170.1	/content/drive/MyDrive/CS_5782_Final_Project/code_and_data/BAHD_lastLayer_embeddings/Atha_HHT1_AAL34170.1_hidden_layer_steps10.pt	donor_type::aromatic	donor_type::aromatic	1,0	1,0	8.916765,-5.052746
Atha_PHT_OAO95042.1	Atha_PHT_OAO95042.1	/content/drive/MyDrive/CS_5782_Final_Project/code_and_data/BAHD_lastLayer_embeddings/Atha_PHT_OAO95042.1_hidden_layer_steps10.pt	donor_type::aromatic	donor_type::aromatic	1,0	1,0	3.956228,-3.150632
Atha_PMAT1_AED94391.1	Atha_PMAT1_AED94391.1	/content/drive/MyDrive/CS_5782_Final_Project/code_and_data/BAHD_lastLayer_embeddings/Atha_PMAT1_AED94391.1_hidden_layer_steps10.pt	donor_type::aliphatic	donor_type::aliphatic	0,1	0,1	-4.398003,6.461812
Atha_PMAT2_BAB02518.1	Atha_PMAT2_BAB02518.1	/content/drive/MyDrive/CS_5782_Final_Project/code_and_data/BAHD_lastLayer_embeddings/Atha_PMAT2_BAB02518.1_hidden_layer_steps10.pt	donor_type::aliphatic	donor_type::aliphatic	0,1	0,1	-4.874884,5.840502
Atha_SCT_AAP81804.1	Atha_SCT_AAP81804.1	/content/drive/MyDrive/CS_5782_Final_Project/code_and_data/BAHD_lastLayer_embeddings/Atha_SCT_AAP81804.1_hidden_layer_steps10.pt	donor_type::aromatic	donor_type::aromatic	1,0	1,0	4.058392,-5.063234
Atha_SDT_AAC23766.1	Atha_SDT_AAC23766.1	/content/drive/MyDrive/CS_5782_Final_Project/code_and_data/BAHD_lastLayer_embeddings/Atha_SDT_AAC23766.1_hidden_layer_steps10.pt	donor_type::aromatic	donor_type::aromatic	1,0	1,0	6.291211,-5.022965
Atha_SHT_AAD12025.1	Atha_SHT_AAD12025.1	/content/drive/MyDrive/CS_5782_Final_Project/code_and_data/BAHD_lastLayer_embeddings/Atha_SHT_AAD12025.1_hidden_layer_steps10.pt	donor_type::aromatic	donor_type::aromatic	1,0	1,0	7.742362,-4.329306
Atha_PHT_OAO95042.1	Atha_SHT_OAO95042.1	/content/drive/MyDrive/CS_5782_Final_Project/code_and_data/BAHD_lastLayer_embeddings/Atha_PHT_OAO95042.1_hidden_layer_steps10.pt	donor_type::aromatic	donor_type::aromatic	1,0	1,0	3.505972,-3.431586
Atha_THAA1_BAB11062.1	Atha_THAA1_BAB11062.1	/content/drive/MyDrive/CS_5782_Final_Project/code_and_data/BAHD_lastLayer_embeddings/Atha_THAA1_BAB11062.1_hidden_layer_steps10.pt	donor_type::aliphatic	donor_type::aliphatic	0,1	0,1	-8.964702,9.672823
Atha_THAA2_AAO63428.1	Atha_THAA2_AAO63428.1	/content/drive/MyDrive/CS_5782_Final_Project/code_and_data/BAHD_lastLayer_embeddings/Atha_THAA2_AAO63428.1_hidden_layer_steps10.pt	donor_type::aliphatic		0,1	0,0	-3.283430,-1.556505
Bdis_PMT_CDG41682.1	Bdis_PMT_CDG41682.1	/content/drive/MyDrive/CS_5782_Final_Project/code_and_data/BAHD_lastLayer_embeddings/Bdis_PMT_CDG41682.1_hidden_layer_steps10.pt	donor_type::aromatic	donor_type::aromatic	1,0	1,0	8.522236,-6.818182
Bmul_HQT1_BCY27076.1	Bmul_HQT1_BCY27076.1	/content/drive/MyDrive/CS_5782_Final_Project/code_and_data/BAHD_lastLayer_embeddings/Bmul_HQT1_BCY27076.1_hidden_layer_steps10.pt	donor_type::aromatic	donor_type::aromatic	1,0	1,0	9.847878,-2.468505
Bmul_HQT1_BDR61289.1	Bmul_HQT1_BDR61289.1	/content/drive/MyDrive/CS_5782_Final_Project/code_and_data/BAHD_lastLayer_embeddings/Bmul_HQT1_BDR61289.1_hidden_layer_steps10.pt	donor_type::aromatic	donor_type::aromatic	1,0	1,0	10.691269,-10.469585
Bser_AT1_QXN66176.1	Bser_AT1_QXN66176.1	/content/drive/MyDrive/CS_5782_Final_Project/code_and_data/BAHD_lastLayer_embeddings/Bser_AT1_QXN66176.1_hidden_layer_steps10.pt	donor_type::aliphatic	donor_type::aliphatic	0,1	0,1	-10.080832,12.037967
Cang_AT20_QLI57449.1	Cang_AT20_QLI57449.1	/content/drive/MyDrive/CS_5782_Final_Project/code_and_data/BAHD_lastLayer_embeddings/Cang_AT20_QLI57449.1_hidden_layer_steps10.pt	donor_type::aromatic;donor_type::aliphatic	donor_type::aromatic;donor_type::aliphatic	1,1	1,1	0.084449,3.406228
Cann_AT3_NP_001311698.1	Cann_AT3_NP_001311698.1	/content/drive/MyDrive/CS_5782_Final_Project/code_and_data/BAHD_lastLayer_embeddings/Cann_AT3_NP_001311698.1_hidden_layer_steps10.pt	donor_type::aliphatic	donor_type::aliphatic	0,1	0,1	-2.999048,6.580349
Cblu_HCT_CBI83579.1	Cblu_HCT_CBI83579.1	/content/drive/MyDrive/CS_5782_Final_Project/code_and_data/BAHD_lastLayer_embeddings/Cblu_HCT_CBI83579.1_hidden_layer_steps10.pt	donor_type::aromatic	donor_type::aromatic	1,0	1,0	5.462991,-7.895914
Cblu_HCT_CBI83579.1	Cblu_HST_CBI83579.1	/content/drive/MyDrive/CS_5782_Final_Project/code_and_data/BAHD_lastLayer_embeddings/Cblu_HCT_CBI83579.1_hidden_layer_steps10.pt	donor_type::aromatic	donor_type::aromatic	1,0	1,0	6.162826,-7.641008
Cblu_RAS_CAK55166.1	Cblu_RAS_CAK55166.1	/content/drive/MyDrive/CS_5782_Final_Project/code_and_data/BAHD_lastLayer_embeddings/Cblu_RAS_CAK55166.1_hidden_layer_steps10.pt	donor_type::aromatic	donor_type::aromatic	1,0	1,0	3.620433,-3.253583
Cbra_HQT-like_GBG71902.1	Cbra_HQT-like_GBG71902.1	/content/drive/MyDrive/CS_5782_Final_Project/code_and_data/BAHD_lastLayer_embeddings/Cbra_HQT-like_GBG71902.1_hidden_layer_steps10.pt	donor_type::aromatic	donor_type::aromatic	1,0	1,0	5.292086,-2.336628
Cbre_BEAT_AAC18062.1	Cbre_BEAT_AAC18062.1	/content/drive/MyDrive/CS_5782_Final_Project/code_and_data/BAHD_lastLayer_embeddings/Cbre_BEAT_AAC18062.1_hidden_layer_steps10.pt	donor_type::aliphatic	donor_type::aromatic	0,1	1,0	1.329422,-0.713970
Cbre_BEBT_AAN09796.1	Cbre_BEBT_AAN09796.1	/content/drive/MyDrive/CS_5782_Final_Project/code_and_data/BAHD_lastLayer_embeddings/Cbre_BEBT_AAN09796.1_hidden_layer_steps10.pt	donor_type::aromatic	donor_type::aromatic;donor_type::aliphatic	1,0	1,1	0.398551,1.495835
Ccan_HCT_ABO47805.1	Ccan_HCT_ABO47805.1	/content/drive/MyDrive/CS_5782_Final_Project/code_and_data/BAHD_lastLayer_embeddings/Ccan_HCT_ABO47805.1_hidden_layer_steps10.pt	donor_type::aromatic	donor_type::aromatic	1,0	1,0	6.088088,-8.544403
Ccan_HQT_ABO77957.1	Ccan_HQT_ABO77957.1	/content/drive/MyDrive/CS_5782_Final_Project/code_and_data/BAHD_lastLayer_embeddings/Ccan_HQT_ABO77957.1_hidden_layer_steps10.pt	donor_type::aromatic	donor_type::aromatic	1,0	1,0	7.562592,-8.650270
Ccar_HCT_AAZ80046.1	Ccar_HCT_AAZ80046.1	/content/drive/MyDrive/CS_5782_Final_Project/code_and_data/BAHD_lastLayer_embeddings/Ccar_HCT_AAZ80046.1_hidden_layer_steps10.pt	donor_type::aromatic	donor_type::aromatic	1,0	1,0	9.639217,-10.026711
Ccar_HQT1_CAM84302.2	Ccar_HQT1_CAM84302.2	/content/drive/MyDrive/CS_5782_Final_Project/code_and_data/BAHD_lastLayer_embeddings/Ccar_HQT1_CAM84302.2_hidden_layer_steps10.pt	donor_type::aromatic	donor_type::aromatic	1,0	1,0	4.817636,-3.430014
Ccar_HQT2_ACJ23164.1	Ccar_HQT2_ACJ23164.1	/content/drive/MyDrive/CS_5782_Final_Project/code_and_data/BAHD_lastLayer_embeddings/Ccar_HQT2_ACJ23164.1_hidden_layer_steps10.pt	donor_type::aromatic	donor_type::aromatic	1,0	1,0	4.519102,-3.802092
Ccar_HQT_ABK79689.1	Ccar_HQT_ABK79689.1	/content/drive/MyDrive/CS_5782_Final_Project/code_and_data/BAHD_lastLayer_embeddings/Ccar_HQT_ABK79689.1_hidden_layer_steps10.pt	donor_type::aromatic	donor_type::aromatic	1,0	1,0	3.335018,-4.370377
Ccar_HQT_ABK79690.1	Ccar_HQT_ABK79690.1	/content/drive/MyDrive/CS_5782_Final_Project/code_and_data/BAHD_lastLayer_embeddings/Ccar_HQT_ABK79690.1_hidden_layer_steps10.pt	donor_type::aromatic	donor_type::aromatic	1,0	1,0	5.441453,-5.760971
Cchi_AT3_AAV66309.1	Cchi_AT3_AAV66309.1	/content/drive/MyDrive/CS_5782_Final_Project/code_and_data/BAHD_lastLayer_embeddings/Cchi_AT3_AAV66309.1_hidden_layer_steps10.pt	donor_type::aliphatic	donor_type::aliphatic	0,1	0,1	-5.641644,6.967420
Ccro_AT1_AXB26761.1	Ccro_AT1_AXB26761.1	/content/drive/MyDrive/CS_5782_Final_Project/code_and_data/BAHD_lastLayer_embeddings/Ccro_AT1_AXB26761.1_hidden_layer_steps10.pt	donor_type::aromatic;donor_type::aliphatic	donor_type::aromatic;donor_type::aliphatic	1,1	1,1	4.881893,2.943461
Ccro_AT1_AXB26761.1	Ccro_AT2_AXB26761.1	/content/drive/MyDrive/CS_5782_Final_Project/code_and_data/BAHD_lastLayer_embeddings/Ccro_AT1_AXB26761.1_hidden_layer_steps10.pt	donor_type::aromatic;donor_type::aliphatic	donor_type::aromatic;donor_type::aliphatic	1,1	1,1	3.658293,3.153286
Ccro_AT2_AXB26762.1	Ccro_AT2_AXB26762.1	/content/drive/MyDrive/CS_5782_Final_Project/code_and_data/BAHD_lastLayer_embeddings/Ccro_AT2_AXB26762.1_hidden_layer_steps10.pt	donor_type::aromatic;donor_type::aliphatic	donor_type::aromatic;donor_type::aliphatic	1,1	1,1	4.784765,2.917037
Ccro_HCT_WKA69991.1	Ccro_HCT_WKA69991.1	/content/drive/MyDrive/CS_5782_Final_Project/code_and_data/BAHD_lastLayer_embeddings/Ccro_HCT_WKA69991.1_hidden_layer_steps10.pt	donor_type::aromatic	donor_type::aromatic	1,0	1,0	9.817970,-10.062988
Cint_HCT1_ANN12608.1	Cint_HCT1_ANN12608.1	/content/drive/MyDrive/CS_5782_Final_Project/code_and_data/BAHD_lastLayer_embeddings/Cint_HCT1_ANN12608.1_hidden_layer_steps10.pt	donor_type::aromatic	donor_type::aromatic	1,0	1,0	7.580219,-9.571526
Cint_HCT2_ANN12609.1	Cint_HCT2_ANN12609.1	/content/drive/MyDrive/CS_5782_Final_Project/code_and_data/BAHD_lastLayer_embeddings/Cint_HCT2_ANN12609.1_hidden_layer_steps10.pt	donor_type::aromatic	donor_type::aromatic	1,0	1,0	7.211852,-8.203113
Cint_HQT1_ANN12610.1	Cint_HQT1_ANN12610.1	/content/drive/MyDrive/CS_5782_Final_Project/code_and_data/BAHD_lastLayer_embeddings/Cint_HQT1_ANN12610.1_hidden_layer_steps10.pt	donor_type::aromatic	donor_type::aromatic	1,0	1,0	5.692887,-4.802705
Cint_HQT2_ANN12611.1	Cint_HQT2_ANN12611.1	/content/drive/MyDrive/CS_5782_Final_Project/code_and_data/BAHD_lastLayer_embeddings/Cint_HQT2_ANN12611.1_hidden_layer_steps10.pt	donor_type::aromatic	donor_type::aromatic	1,0	1,0	4.845963,-6.095613
Cint_HQT3_ANN12612.1	Cint_HQT3_ANN12612.1	/content/drive/MyDrive/CS_5782_Final_Project/code_and_data/BAHD_lastLayer_embeddings/Cint_HQT3_ANN12612.1_hidden_layer_steps10.pt	donor_type::aromatic	donor_type::aromatic	1,0	1,0	3.688782,-4.811770
Cint_SHT1_AXY93625.1	Cint_SHT1_AXY93625.1	/content/drive/MyDrive/CS_5782_Final_Project/code_and_data/BAHD_lastLayer_embeddings/Cint_SHT1_AXY93625.1_hidden_layer_steps10.pt	donor_type::aromatic	donor_type::aromatic	1,0	1,0	8.242058,-5.179637
Cint_SHT2_AXY93626.1	Cint_SHT2_AXY93626.1	/content/drive/MyDrive/CS_5782_Final_Project/code_and_data/BAHD_lastLayer_embeddings/Cint_SHT2_AXY93626.1_hidden_layer_steps10.pt	donor_type::aromatic	donor_type::aromatic	1,0	1,0	10.976009,-6.047806
Cmel_AAT1_CAA94432.1	Cmel_AAT1_CAA94432.1	/content/drive/MyDrive/CS_5782_Final_Project/code_and_data/BAHD_lastLayer_embeddings/Cmel_AAT1_CAA94432.1_hidden_layer_steps10.pt	donor_type::aliphatic	donor_type::aliphatic	0,1	0,1	-1.364929,4.696103
Cmel_AAT3_AAW51125.1	Cmel_AAT3_AAW51125.1	/content/drive/MyDrive/CS_5782_Final_Project/code_and_data/BAHD_lastLayer_embeddings/Cmel_AAT3_AAW51125.1_hidden_layer_steps10.pt	donor_type::aliphatic	donor_type::aromatic;donor_type::aliphatic	0,1	1,1	1.062071,1.839569
Cmel_AAT4_AAW51126.1	Cmel_AAT4_AAW51126.1	/content/drive/MyDrive/CS_5782_Final_Project/code_and_data/BAHD_lastLayer_embeddings/Cmel_AAT4_AAW51126.1_hidden_layer_steps10.pt	donor_type::aliphatic	donor_type::aliphatic	0,1	0,1	-6.636889,5.554294
Cros_DAT_AAC99311.1	Cros_DAT_AAC99311.1	/content/drive/MyDrive/CS_5782_Final_Project/code_and_data/BAHD_lastLayer_embeddings/Cros_DAT_AAC99311.1_hidden_layer_steps10.pt	donor_type::aliphatic	donor_type::aliphatic	0,1	0,1	-14.722907,13.543246
Cros_MAT_AAO13736.1	Cros_MAT_AAO13736.1	/content/drive/MyDrive/CS_5782_Final_Project/code_and_data/BAHD_lastLayer_embeddings/Cros_MAT_AAO13736.1_hidden_layer_steps10.pt	donor_type::aliphatic	donor_type::aliphatic	0,1	0,1	-17.321836,16.216949
Cros_TAT_AQP25667.1	Cros_TAT_AQP25667.1	/content/drive/MyDrive/CS_5782_Final_Project/code_and_data/BAHD_lastLayer_embeddings/Cros_TAT_AQP25667.1_hidden_layer_steps10.pt	donor_type::aliphatic	donor_type::aliphatic	0,1	0,1	-16.890728,10.565661
Csat_HCT_AEJ88365.1	Csat_HCT_AEJ88365.1	/content/drive/MyDrive/CS_5782_Final_Project/code_and_data/BAHD_lastLayer_embeddings/Csat_HCT_AEJ88365.1_hidden_layer_steps10.pt	donor_type::aromatic	donor_type::aromatic	1,0	1,0	7.502002,-9.001130
Csco_HQT1_CAM84302.2	Csco_HQT1_CAM84302.2	/content/drive/MyDrive/CS_5782_Final_Project/code_and_data/BAHD_lastLayer_embeddings/Csco_HQT1_CAM84302.2_hidden_layer_steps10.pt	donor_type::aromatic	donor_type::aromatic	1,0	1,0	6.950486,-3.447023
Csco_HQT2_ACJ23164.1	Csco_HQT2_ACJ23164.1	/content/drive/MyDrive/CS_5782_Final_Project/code_and_data/BAHD_lastLayer_embeddings/Csco_HQT2_ACJ23164.1_hidden_layer_steps10.pt	donor_type::aromatic	donor_type::aromatic	1,0	1,0	5.510014,-4.328293
Csin_AT1_THG04858.1	Csin_AT1_THG04858.1	/content/drive/MyDrive/CS_5782_Final_Project/code_and_data/BAHD_lastLayer_embeddings/Csin_AT1_THG04858.1_hidden_layer_steps10.pt	donor_type::aliphatic	donor_type::aromatic;donor_type::aliphatic	0,1	1,1	1.391077,4.660913
Csin_AT2_THG19836.1	Csin_AT2_THG19836.1	/content/drive/MyDrive/CS_5782_Final_Project/code_and_data/BAHD_lastLayer_embeddings/Csin_AT2_THG19836.1_hidden_layer_steps10.pt	donor_type::aliphatic	donor_type::aliphatic	0,1	0,1	-0.055471,3.073918
Csin_CHAT1_GMQ03793.1	Csin_CHAT1_GMQ03793.1	/content/drive/MyDrive/CS_5782_Final_Project/code_and_data/BAHD_lastLayer_embeddings/Csin_CHAT1_GMQ03793.1_hidden_layer_steps10.pt	donor_type::aliphatic	donor_type::aromatic;donor_type::aliphatic	0,1	1,1	3.122502,3.657309
Csin_HCT1_XP_028081726.1	Csin_HCT1_XP_028081726.1	/content/drive/MyDrive/CS_5782_Final_Project/code_and_data/BAHD_lastLayer_embeddings/Csin_HCT1_XP_028081726.1_hidden_layer_steps10.pt	donor_type::aromatic	donor_type::aromatic	1,0	1,0	8.351886,-8.400174
Csin_HCT2_THG02040.1	Csin_HCT2_THG02040.1	/content/drive/MyDrive/CS_5782_Final_Project/code_and_data/BAHD_lastLayer_embeddings/Csin_HCT2_THG02040.1_hidden_layer_steps10.pt	donor_type::aromatic	donor_type::aromatic	1,0	1,0	8.250831,-11.607407
Dcar_HCBT3_CAB06429.1	Dcar_HCBT1_CAB06427.1	/content/drive/MyDrive/CS_5782_Final_Project/code_and_data/BAHD_lastLayer_embeddings/Dcar_HCBT3_CAB06429.1_hidden_layer_steps10.pt	donor_type::aromatic	donor_type::aromatic	1,0	1,0	5.240308,-3.139972
Dcar_HCBT2_CAB06430.1	Dcar_HCBT2_CAB06430.1	/content/drive/MyDrive/CS_5782_Final_Project/code_and_data/BAHD_lastLayer_embeddings/Dcar_HCBT2_CAB06430.1_hidden_layer_steps10.pt	donor_type::aromatic	donor_type::aromatic	1,0	1,0	3.310092,-3.518213
Dcar_HCBT3_CAB06429.1	Dcar_HCBT3_CAB06429.1	/content/drive/MyDrive/CS_5782_Final_Project/code_and_data/BAHD_lastLayer_embeddings/Dcar_HCBT3_CAB06429.1_hidden_layer_steps10.pt	donor_type::aromatic	donor_type::aromatic	1,0	1,0	3.117849,-3.716577
Dlan_MAT1_QUW17232.1	Dlan_MAT1_QUW17232.1	/content/drive/MyDrive/CS_5782_Final_Project/code_and_data/BAHD_lastLayer_embeddings/Dlan_MAT1_QUW17232.1_hidden_layer_steps10.pt	donor_type::aliphatic	donor_type::aliphatic	0,1	0,1	-4.145437,4.607804
Dlan_MAT2_QWS71079.1	Dlan_MAT2_QWS71079.1	/content/drive/MyDrive/CS_5782_Final_Project/code_and_data/BAHD_lastLayer_embeddings/Dlan_MAT2_QWS71079.1_hidden_layer_steps10.pt	donor_type::aliphatic	donor_type::aliphatic	0,1	0,1	-3.483552,3.180995
Dmor_3MAT1_AAQ63615.1	Dmor_3MAT1_AAQ63615.1	/content/drive/MyDrive/CS_5782_Final_Project/code_and_data/BAHD_lastLayer_embeddings/Dmor_3MAT1_AAQ63615.1_hidden_layer_steps10.pt	donor_type::aliphatic	donor_type::aliphatic	0,1	0,1	-4.853262,7.501953
Dmor_3MAT2_AAQ63616.1	Dmor_3MAT2_AAQ63616.1	/content/drive/MyDrive/CS_5782_Final_Project/code_and_data/BAHD_lastLayer_embeddings/Dmor_3MAT2_AAQ63616.1_hidden_layer_steps10.pt	donor_type::aliphatic		0,1	0,0	-0.742238,-0.372487
Dmor_3MAT3_BAF50706.1	Dmor_3MAT3_BAF50706.1	/content/drive/MyDrive/CS_5782_Final_Project/code_and_data/BAHD_lastLayer_embeddings/Dmor_3MAT3_BAF50706.1_hidden_layer_steps10.pt	donor_type::aliphatic	donor_type::aliphatic	0,1	0,1	-5.716427,5.404264
Dpin_3MAT_AAO12206.1	Dpin_3MAT_AAO12206.1	/content/drive/MyDrive/CS_5782_Final_Project/code_and_data/BAHD_lastLayer_embeddings/Dpin_3MAT_AAO12206.1_hidden_layer_steps10.pt	donor_type::aliphatic	donor_type::aliphatic	0,1	0,1	-6.274849,8.810588
Dvar_3MAT_AAO12206.1	Dvar_3MAT_AAO12206.1	/content/drive/MyDrive/CS_5782_Final_Project/code_and_data/BAHD_lastLayer_embeddings/Dvar_3MAT_AAO12206.1_hidden_layer_steps10.pt	donor_type::aliphatic	donor_type::aliphatic	0,1	0,1	-6.274849,8.810588
Ecoc_CS_AGT56097.1	Ecoc_BAHD7_AGT56097.1	/content/drive/MyDrive/CS_5782_Final_Project/code_and_data/BAHD_lastLayer_embeddings/Ecoc_CS_AGT56097.1_hidden_layer_steps10.pt	donor_type::aromatic	donor_type::aromatic	1,0	1,0	1.568076,-1.469960
Ecoc_CS_AGT56097.1	Ecoc_CS_AGT56097.1	/content/drive/MyDrive/CS_5782_Final_Project/code_and_data/BAHD_lastLayer_embeddings/Ecoc_CS_AGT56097.1_hidden_layer_steps10.pt	donor_type::aromatic	donor_type::aromatic	1,0	1,0	1.673870,-1.821828
Ecoc_HQT_AFF19203.1	Ecoc_HQT_AFF19203.1	/content/drive/MyDrive/CS_5782_Final_Project/code_and_data/BAHD_lastLayer_embeddings/Ecoc_HQT_AFF19203.1_hidden_layer_steps10.pt	donor_type::aromatic	donor_type::aromatic	1,0	1,0	4.083429,-6.941141
Egra_5AT_BAF49288.1	Egra_5AT_BAF49288.1	/content/drive/MyDrive/CS_5782_Final_Project/code_and_data/BAHD_lastLayer_embeddings/Egra_5AT_BAF49288.1_hidden_layer_steps10.pt	donor_type::aromatic	donor_type::aromatic	1,0	1,0	2.939926,-3.348302
Epep_BAHD11_NA	Epep_BAHD11_NA	/content/drive/MyDrive/CS_5782_Final_Project/code_and_data/BAHD_lastLayer_embeddings/Epep_BAHD11_NA_hidden_layer_steps10.pt	donor_type::aliphatic	donor_type::aliphatic	0,1	0,1	-8.640483,6.296656
Epep_BAHD12_NA	Epep_BAHD12_NA	/content/drive/MyDrive/CS_5782_Final_Project/code_and_data/BAHD_lastLayer_embeddings/Epep_BAHD12_NA_hidden_layer_steps10.pt	donor_type::aliphatic	donor_type::aliphatic	0,1	0,1	-5.952321,7.714345
Epep_BAHD6_NA	Epep_BAHD6_NA	/content/drive/MyDrive/CS_5782_Final_Project/code_and_data/BAHD_lastLayer_embeddings/Epep_BAHD6_NA_hidden_layer_steps10.pt	donor_type::aliphatic	donor_type::aliphatic	0,1	0,1	-11.198526,5.585939
Epep_BAHD7_NA	Epep_BAHD7_NA	/content/drive/MyDrive/CS_5782_Final_Project/code_and_data/BAHD_lastLayer_embeddings/Epep_BAHD7_NA_hidden_layer_steps10.pt	donor_type::aliphatic	donor_type::aliphatic	0,1	0,1	-13.471398,12.775738
Epep_BAHD8_NA	Epep_BAHD8_NA	/content/drive/MyDrive/CS_5782_Final_Project/code_and_data/BAHD_lastLayer_embeddings/Epep_BAHD8_NA_hidden_layer_steps10.pt	donor_type::aliphatic	donor_type::aliphatic	0,1	0,1	-7.889325,6.774376
Epla_AAT1-1_BDW80081.1	Epla_AAT1-1_BDW80081.1	/content/drive/MyDrive/CS_5782_Final_Project/code_and_data/BAHD_lastLayer_embeddings/Epla_AAT1-1_BDW80081.1_hidden_layer_steps10.pt	donor_type::aliphatic	donor_type::aliphatic	0,1	0,1	-14.083356,14.352343
Epla_AAT1-2_BDW80082.1	Epla_AAT1-2_BDW80082.1	/content/drive/MyDrive/CS_5782_Final_Project/code_and_data/BAHD_lastLayer_embeddings/Epla_AAT1-2_BDW80082.1_hidden_layer_steps10.pt	donor_type::aliphatic	donor_type::aliphatic	0,1	0,1	-10.351669,12.634077
Epla_AAT2-1_BDW80086.1	Epla_AAT2-1_BDW80086.1	/content/drive/MyDrive/CS_5782_Final_Project/code_and_data/BAHD_lastLayer_embeddings/Epla_AAT2-1_BDW80086.1_hidden_layer_steps10.pt	donor_type::aliphatic	donor_type::aliphatic	0,1	0,1	-5.400336,7.249683
Epla_AAT2-2_BDW80087.1	Epla_AAT2-2_BDW80087.1	/content/drive/MyDrive/CS_5782_Final_Project/code_and_data/BAHD_lastLayer_embeddings/Epla_AAT2-2_BDW80087.1_hidden_layer_steps10.pt	donor_type::aliphatic	donor_type::aliphatic	0,1	0,1	-7.529385,13.015108
Epla_AAT2-3_BDW80088.1	Epla_AAT2-3_BDW80088.1	/content/drive/MyDrive/CS_5782_Final_Project/code_and_data/BAHD_lastLayer_embeddings/Epla_AAT2-3_BDW80088.1_hidden_layer_steps10.pt	donor_type::aliphatic	donor_type::aliphatic	0,1	0,1	-7.757412,12.244458
Epla_SAT1-1_BDW80075.1	Epla_SAT1-1_BDW80075.1	/content/drive/MyDrive/CS_5782_Final_Project/code_and_data/BAHD_lastLayer_embeddings/Epla_SAT1-1_BDW80075.1_hidden_layer_steps10.pt	donor_type::aliphatic	donor_type::aliphatic	0,1	0,1	-9.044765,12.678226
Epla_SAT1-2_BDW80076.1	Epla_SAT1-2_BDW80076.1	/content/drive/MyDrive/CS_5782_Final_Project/code_and_data/BAHD_lastLayer_embeddings/Epla_SAT1-2_BDW80076.1_hidden_layer_steps10.pt	donor_type::aliphatic	donor_type::aliphatic	0,1	0,1	-13.547029,12.431981
Epla_SAT2-1_BDW80078.1	Epla_SAT2-1_BDW80078.1	/content/drive/MyDrive/CS_5782_Final_Project/code_and_data/BAHD_lastLayer_embeddings/Epla_SAT2-1_BDW80078.1_hidden_layer_steps10.pt	donor_type::aliphatic	donor_type::aliphatic	0,1	0,1	-5.406734,13.110600
Epla_SAT2-2_BDW80079.1	Epla_SAT2-2_BDW80079.1	/content/drive/MyDrive/CS_5782_Final_Project/code_and_data/BAHD_lastLayer_embeddings/Epla_SAT2-2_BDW80079.1_hidden_layer_steps10.pt	donor_type::aliphatic	donor_type::aliphatic	0,1	0,1	-7.448651,10.930908
Epur_HCT_QRI59128.1	Epur_HCT_QRI59128.1	/content/drive/MyDrive/CS_5782_Final_Project/code_and_data/BAHD_lastLayer_embeddings/Epur_HCT_QRI59128.1_hidden_layer_steps10.pt	donor_type::aromatic	donor_type::aromatic	1,0	1,0	5.660881,-7.751997
Epur_HMT_UHJ19789.2	Epur_HMT_UHJ19789.2	/content/drive/MyDrive/CS_5782_Final_Project/code_and_data/BAHD_lastLayer_embeddings/Epur_HMT_UHJ19789.2_hidden_layer_steps10.pt	donor_type::aromatic	donor_type::aromatic	1,0	1,0	8.796851,-7.034489
Epur_HQT_QRI59127.1	Epur_HQT_QRI59127.1	/content/drive/MyDrive/CS_5782_Final_Project/code_and_data/BAHD_lastLayer_embeddings/Epur_HQT_QRI59127.1_hidden_layer_steps10.pt	donor_type::aromatic	donor_type::aromatic	1,0	1,0	4.674976,-5.314966
Epur_HTT_QRI59126.1	Epur_HTT_QRI59126.1	/content/drive/MyDrive/CS_5782_Final_Project/code_and_data/BAHD_lastLayer_embeddings/Epur_HTT_QRI59126.1_hidden_layer_steps10.pt	donor_type::aromatic	donor_type::aromatic	1,0	1,0	6.161058,-4.145630
Fana_SAAT_AAG13130.1	Fana_SAAT_AAG13130.1	/content/drive/MyDrive/CS_5782_Final_Project/code_and_data/BAHD_lastLayer_embeddings/Fana_SAAT_AAG13130.1_hidden_layer_steps10.pt	donor_type::aliphatic	donor_type::aliphatic	0,1	0,1	-9.387698,4.572350
Fves_VAAT_CAC09062.1	Fves_VAAT_CAC09062.1	/content/drive/MyDrive/CS_5782_Final_Project/code_and_data/BAHD_lastLayer_embeddings/Fves_VAAT_CAC09062.1_hidden_layer_steps10.pt	donor_type::aliphatic	donor_type::aliphatic	0,1	0,1	-5.927182,4.384157
Gmax_COSY_KRH21316.1	Gmax_COSY_KRH21316.1	/content/drive/MyDrive/CS_5782_Final_Project/code_and_data/BAHD_lastLayer_embeddings/Gmax_COSY_KRH21316.1_hidden_layer_steps10.pt	donor_type::aromatic	donor_type::aliphatic	1,0	0,1	-1.254786,3.569956
Gmax_MT7_ABY59019.1	Gmax_IF7MAT_NP_001237760.1	/content/drive/MyDrive/CS_5782_Final_Project/code_and_data/BAHD_lastLayer_embeddings/Gmax_MT7_ABY59019.1_hidden_layer_steps10.pt	donor_type::aliphatic	donor_type::aliphatic	0,1	0,1	-10.143615,8.525826
Gmax_IMAT1_AQY54373.1	Gmax_IMAT1_AQY54373.1	/content/drive/MyDrive/CS_5782_Final_Project/code_and_data/BAHD_lastLayer_embeddings/Gmax_IMAT1_AQY54373.1_hidden_layer_steps10.pt	donor_type::aliphatic	donor_type::aliphatic	0,1	0,1	-8.643474,8.453394
Gmax_IMAT3_AQY54374.1	Gmax_IMAT3_AQY54374.1	/content/drive/MyDrive/CS_5782_Final_Project/code_and_data/BAHD_lastLayer_embeddings/Gmax_IMAT3_AQY54374.1_hidden_layer_steps10.pt	donor_type::aliphatic	donor_type::aliphatic	0,1	0,1	-9.460611,8.537470
Gmax_MT7_ABY59019.1	Gmax_MT7_ABY59019.1	/content/drive/MyDrive/CS_5782_Final_Project/code_and_data/BAHD_lastLayer_embeddings/Gmax_MT7_ABY59019.1_hidden_layer_steps10.pt	donor_type::aliphatic	donor_type::aliphatic	0,1	0,1	-10.143615,8.525826
Gmax_SSACT1_KRH01153.1	Gmax_SSACT1_KRH01153.1	/content/drive/MyDrive/CS_5782_Final_Project/code_and_data/BAHD_lastLayer_embeddings/Gmax_SSACT1_KRH01153.1_hidden_layer_steps10.pt	donor_type::aliphatic	donor_type::aromatic	0,1	1,0	1.706221,-1.733095
Gtri_53AAT_BAA74428.1	Gtri_53AAT_BAA74428.1	/content/drive/MyDrive/CS_5782_Final_Project/code_and_data/BAHD_lastLayer_embeddings/Gtri_53AAT_BAA74428.1_hidden_layer_steps10.pt	donor_type::aromatic	donor_type::aromatic	1,0	1,0	2.136837,-2.498857
Gtri_53AAT_BAA74428.1	Gtri_5AT_BAA74428.1	/content/drive/MyDrive/CS_5782_Final_Project/code_and_data/BAHD_lastLayer_embeddings/Gtri_53AAT_BAA74428.1_hidden_layer_steps10.pt	donor_type::aromatic	donor_type::aromatic	1,0	1,0	2.790462,-3.249731
Gtri_53AAT_BAA74428.1	Gtri_GAT_BAA74428.1	/content/drive/MyDrive/CS_5782_Final_Project/code_and_data/BAHD_lastLayer_embeddings/Gtri_53AAT_BAA74428.1_hidden_layer_steps10.pt	donor_type::aromatic	donor_type::aromatic	1,0	1,0	3.366158,-3.885687
Hann_HCT1_QBM78941.1	Hann_HCT1_QBM78941.1	/content/drive/MyDrive/CS_5782_Final_Project/code_and_data/BAHD_lastLayer_embeddings/Hann_HCT1_QBM78941.1_hidden_layer_steps10.pt	donor_type::aromatic	donor_type::aromatic	1,0	1,0	9.124029,-11.499492
Hann_HCT2_QBM78942.1	Hann_HCT2_QBM78942.1	/content/drive/MyDrive/CS_5782_Final_Project/code_and_data/BAHD_lastLayer_embeddings/Hann_HCT2_QBM78942.1_hidden_layer_steps10.pt	donor_type::aromatic	donor_type::aromatic	1,0	1,0	7.266122,-9.573535
Hann_HQT1_QBM78938.1	Hann_HQT1_QBM78938.1	/content/drive/MyDrive/CS_5782_Final_Project/code_and_data/BAHD_lastLayer_embeddings/Hann_HQT1_QBM78938.1_hidden_layer_steps10.pt	donor_type::aromatic	donor_type::aromatic	1,0	1,0	5.915648,-5.387347
Hann_HQT2_QBM78939.1	Hann_HQT2_QBM78939.1	/content/drive/MyDrive/CS_5782_Final_Project/code_and_data/BAHD_lastLayer_embeddings/Hann_HQT2_QBM78939.1_hidden_layer_steps10.pt	donor_type::aromatic	donor_type::aromatic	1,0	1,0	4.424863,-5.415169
Hann_HQT3_QBM78940.1	Hann_HQT3_QBM78940.1	/content/drive/MyDrive/CS_5782_Final_Project/code_and_data/BAHD_lastLayer_embeddings/Hann_HQT3_QBM78940.1_hidden_layer_steps10.pt	donor_type::aromatic	donor_type::aromatic	1,0	1,0	3.266863,-6.592770
Hcan_PMT_KAL4341785.1	Hcan_PMT_KAL4341785.1	/content/drive/MyDrive/CS_5782_Final_Project/code_and_data/BAHD_lastLayer_embeddings/Hcan_PMT_KAL4341785.1_hidden_layer_steps10.pt	donor_type::aromatic	donor_type::aliphatic	1,0	0,1	-1.188983,1.102148
Hmur_ACT_BCN87077.1	Hmur_ACT_BCN87077.1	/content/drive/MyDrive/CS_5782_Final_Project/code_and_data/BAHD_lastLayer_embeddings/Hmur_ACT_BCN87077.1_hidden_layer_steps10.pt	donor_type::aromatic	donor_type::aromatic	1,0	1,0	7.033346,-7.877019
Hpol_BAHD3_NA	Hpol_BAHD3_NA	/content/drive/MyDrive/CS_5782_Final_Project/code_and_data/BAHD_lastLayer_embeddings/Hpol_BAHD3_NA_hidden_layer_steps10.pt	donor_type::aliphatic	donor_type::aromatic	0,1	1,0	0.150063,-1.649146
Hvul_ACT1-1_AAO73071.1	Hvul_ACT1-1_AAO73071.1	/content/drive/MyDrive/CS_5782_Final_Project/code_and_data/BAHD_lastLayer_embeddings/Hvul_ACT1-1_AAO73071.1_hidden_layer_steps10.pt	donor_type::aromatic	donor_type::aromatic	1,0	1,0	7.558353,-9.620176
Hvul_ACT1-1_BAF97626	Hvul_ACT1-1_BAF97626	/content/drive/MyDrive/CS_5782_Final_Project/code_and_data/BAHD_lastLayer_embeddings/Hvul_ACT1-1_BAF97626_hidden_layer_steps10.pt	donor_type::aromatic	donor_type::aromatic	1,0	1,0	8.644883,-10.282104
Hvul_ACT1-2_BAF97627.1	Hvul_ACT1-2_BAF97627	/content/drive/MyDrive/CS_5782_Final_Project/code_and_data/BAHD_lastLayer_embeddings/Hvul_ACT1-2_BAF97627.1_hidden_layer_steps10.pt	donor_type::aromatic	donor_type::aromatic	1,0	1,0	7.794610,-9.707395
Hvul_ACT1-2_BAF97627.1	Hvul_ACT1-2_BAF97627.1	/content/drive/MyDrive/CS_5782_Final_Project/code_and_data/BAHD_lastLayer_embeddings/Hvul_ACT1-2_BAF97627.1_hidden_layer_steps10.pt	donor_type::aromatic	donor_type::aromatic	1,0	1,0	8.964737,-9.151789
Hvul_ACT2_BAK00935.1	Hvul_ACT2_BAK00935.1	/content/drive/MyDrive/CS_5782_Final_Project/code_and_data/BAHD_lastLayer_embeddings/Hvul_ACT2_BAK00935.1_hidden_layer_steps10.pt	donor_type::aromatic	donor_type::aromatic	1,0	1,0	7.235571,-5.729203
Hvul_ACT1-1_AAO73071.1	Hvul_ACT_AAO73071.1	/content/drive/MyDrive/CS_5782_Final_Project/code_and_data/BAHD_lastLayer_embeddings/Hvul_ACT1-1_AAO73071.1_hidden_layer_steps10.pt	donor_type::aromatic	donor_type::aromatic	1,0	1,0	7.558353,-9.620176
Ibat_HQT_BAA87043.1	Ibat_HQT_BAA87043.1	/content/drive/MyDrive/CS_5782_Final_Project/code_and_data/BAHD_lastLayer_embeddings/Ibat_HQT_BAA87043.1_hidden_layer_steps10.pt	donor_type::aromatic	donor_type::aromatic	1,0	1,0	5.011561,-6.414933
Ihol_3AT1_BAE72676.1	Ihol_3AT1_BAE72676.1	/content/drive/MyDrive/CS_5782_Final_Project/code_and_data/BAHD_lastLayer_embeddings/Ihol_3AT1_BAE72676.1_hidden_layer_steps10.pt	donor_type::aromatic	donor_type::aromatic	1,0	1,0	3.545473,-2.877126
Ihol_3AT2_BAE94328.1	Ihol_3AT2_BAE94328.1	/content/drive/MyDrive/CS_5782_Final_Project/code_and_data/BAHD_lastLayer_embeddings/Ihol_3AT2_BAE94328.1_hidden_layer_steps10.pt	donor_type::aromatic	donor_type::aromatic;donor_type::aliphatic	1,0	1,1	0.681414,1.146396
Jsam_BEAT1_UJH94663.1	Jsam_BEAT1_UJH94663.1	/content/drive/MyDrive/CS_5782_Final_Project/code_and_data/BAHD_lastLayer_embeddings/Jsam_BEAT1_UJH94663.1_hidden_layer_steps10.pt	donor_type::aromatic;donor_type::aliphatic	donor_type::aliphatic	1,1	0,1	-1.008944,1.854270
Jsam_BEAT2_UJH94664.1	Jsam_BEAT2_UJH94664.1	/content/drive/MyDrive/CS_5782_Final_Project/code_and_data/BAHD_lastLayer_embeddings/Jsam_BEAT2_UJH94664.1_hidden_layer_steps10.pt	donor_type::aromatic;donor_type::aliphatic	donor_type::aromatic	1,1	1,0	2.653775,-3.166756
Lalb_HMT_BAD89275.1	Lalb_HMT_BAD89275.1	/content/drive/MyDrive/CS_5782_Final_Project/code_and_data/BAHD_lastLayer_embeddings/Lalb_HMT_BAD89275.1_hidden_layer_steps10.pt	donor_type::aromatic;donor_type::aliphatic	donor_type::aliphatic	1,1	0,1	-1.908545,5.001773
Lang_RAS_ABI48360.1	Lang_AAT1_ABI48360.1	/content/drive/MyDrive/CS_5782_Final_Project/code_and_data/BAHD_lastLayer_embeddings/Lang_RAS_ABI48360.1_hidden_layer_steps10.pt	donor_type::aromatic	donor_type::aromatic	1,0	1,0	3.670826,-3.572646
Lang_RAS_ABI48360.1	Lang_AT1_ABI48360.1	/content/drive/MyDrive/CS_5782_Final_Project/code_and_data/BAHD_lastLayer_embeddings/Lang_RAS_ABI48360.1_hidden_layer_steps10.pt	donor_type::aromatic	donor_type::aromatic	1,0	1,0	3.559735,-3.766299
Lang_RAS_ABI48360.1	Lang_RAS_ABI48360.1	/content/drive/MyDrive/CS_5782_Final_Project/code_and_data/BAHD_lastLayer_embeddings/Lang_RAS_ABI48360.1_hidden_layer_steps10.pt	donor_type::aromatic	donor_type::aromatic	1,0	1,0	4.372538,-4.395608
Lang_RAS_AEA36976.1	Lang_RAS_AEA36976.1	/content/drive/MyDrive/CS_5782_Final_Project/code_and_data/BAHD_lastLayer_embeddings/Lang_RAS_AEA36976.1_hidden_layer_steps10.pt	donor_type::aromatic	donor_type::aromatic	1,0	1,0	4.676326,-6.497311
Lery_AAT1_BBV14786.1	Lery_AAT1_BBV14786.1	/content/drive/MyDrive/CS_5782_Final_Project/code_and_data/BAHD_lastLayer_embeddings/Lery_AAT1_BBV14786.1_hidden_layer_steps10.pt	donor_type::aliphatic	donor_type::aliphatic	0,1	0,1	-10.149683,12.465080
Lery_AAT2_BDW80085.1	Lery_AAT2_BDW80085.1	/content/drive/MyDrive/CS_5782_Final_Project/code_and_data/BAHD_lastLayer_embeddings/Lery_AAT2_BDW80085.1_hidden_layer_steps10.pt	donor_type::aliphatic	donor_type::aliphatic	0,1	0,1	-6.349095,10.892776
Lery_SAT1_BBV14785.1	Lery_SAT1_BBV14785.1	/content/drive/MyDrive/CS_5782_Final_Project/code_and_data/BAHD_lastLayer_embeddings/Lery_SAT1_BBV14785.1_hidden_layer_steps10.pt	donor_type::aliphatic	donor_type::aliphatic	0,1	0,1	-9.776286,11.735966
Lery_SAT2_BDW80077.1	Lery_SAT2_BDW80077.1	/content/drive/MyDrive/CS_5782_Final_Project/code_and_data/BAHD_lastLayer_embeddings/Lery_SAT2_BDW80077.1_hidden_layer_steps10.pt	donor_type::aliphatic	donor_type::aliphatic	0,1	0,1	-7.750389,11.687200
Lint_AAT-3_AIW81431.1	Lint_AAT-3_AIW81431.1	/content/drive/MyDrive/CS_5782_Final_Project/code_and_data/BAHD_lastLayer_embeddings/Lint_AAT-3_AIW81431.1_hidden_layer_steps10.pt	donor_type::aliphatic	donor_type::aliphatic	0,1	0,1	-0.427437,3.596868
Lint_AAT-4_AIW81432.1	Lint_AAT-4_AIW81432.1	/content/drive/MyDrive/CS_5782_Final_Project/code_and_data/BAHD_lastLayer_embeddings/Lint_AAT-4_AIW81432.1_hidden_layer_steps10.pt	donor_type::aliphatic	donor_type::aliphatic	0,1	0,1	-11.312480,5.682814
Ljap_HQT_ACZ52698.1	Ljap_HQT_ACZ52698.1	/content/drive/MyDrive/CS_5782_Final_Project/code_and_data/BAHD_lastLayer_embeddings/Ljap_HQT_ACZ52698.1_hidden_layer_steps10.pt	donor_type::aromatic	donor_type::aromatic	1,0	1,0	8.341826,-7.434793
Lori_AAT1_WKK95849.1	Lori_AAT1_WKK95849.1	/content/drive/MyDrive/CS_5782_Final_Project/code_and_data/BAHD_lastLayer_embeddings/Lori_AAT1_WKK95849.1_hidden_layer_steps10.pt	donor_type::aromatic	donor_type::aliphatic	1,0	0,1	-2.197183,2.183750
Lpur_3MAT1_AAS77404.1	Lpur_3MAT1_AAS77404.1	/content/drive/MyDrive/CS_5782_Final_Project/code_and_data/BAHD_lastLayer_embeddings/Lpur_3MAT1_AAS77404.1_hidden_layer_steps10.pt	donor_type::aliphatic	donor_type::aliphatic	0,1	0,1	-3.880943,0.371284
Lrob_AT1_WEX29780.1	Lrob_AT1_WEX29780.1	/content/drive/MyDrive/CS_5782_Final_Project/code_and_data/BAHD_lastLayer_embeddings/Lrob_AT1_WEX29780.1_hidden_layer_steps10.pt	donor_type::aromatic	donor_type::aromatic	1,0	1,0	14.089054,-8.950633
Lsat_BOS_QYL33117.1	Lsat_BOS_QYL33117.1	/content/drive/MyDrive/CS_5782_Final_Project/code_and_data/BAHD_lastLayer_embeddings/Lsat_BOS_QYL33117.1_hidden_layer_steps10.pt	donor_type::aliphatic	donor_type::aliphatic	0,1	0,1	-4.804044,3.051700
Lsat_BOS_QYL33117.1	Lsat_DS_QYL33117.1	/content/drive/MyDrive/CS_5782_Final_Project/code_and_data/BAHD_lastLayer_embeddings/Lsat_BOS_QYL33117.1_hidden_layer_steps10.pt	donor_type::aliphatic	donor_type::aliphatic	0,1	0,1	-4.610750,2.816557
Ltri_CAAT1_AHA90802.1	Ltri_CAAT1_AHA90802.1	/content/drive/MyDrive/CS_5782_Final_Project/code_and_data/BAHD_lastLayer_embeddings/Ltri_CAAT1_AHA90802.1_hidden_layer_steps10.pt	donor_type::aliphatic	donor_type::aliphatic	0,1	0,1	-5.920840,9.919620
Maze_AT1704_NA	Maze_AT1704_NA	/content/drive/MyDrive/CS_5782_Final_Project/code_and_data/BAHD_lastLayer_embeddings/Maze_AT1704_NA_hidden_layer_steps10.pt	donor_type::aliphatic	donor_type::aliphatic	0,1	0,1	-9.085095,10.247478
Maze_AT8824_KAJ4723782.1	Maze_AT8824_KAJ4723782.1	/content/drive/MyDrive/CS_5782_Final_Project/code_and_data/BAHD_lastLayer_embeddings/Maze_AT8824_KAJ4723782.1_hidden_layer_steps10.pt	donor_type::aliphatic	donor_type::aliphatic	0,1	0,1	-8.024392,5.611025
Mdom_AAT1_AAU14879.2	Mdom_AAT1_AAU14879.2	/content/drive/MyDrive/CS_5782_Final_Project/code_and_data/BAHD_lastLayer_embeddings/Mdom_AAT1_AAU14879.2_hidden_layer_steps10.pt	donor_type::aliphatic	donor_type::aliphatic	0,1	0,1	-6.502938,5.758392
Mdom_SHT_ALF00095.1	Mdom_SHT_ALF00095.1	/content/drive/MyDrive/CS_5782_Final_Project/code_and_data/BAHD_lastLayer_embeddings/Mdom_SHT_ALF00095.1_hidden_layer_steps10.pt	donor_type::aromatic	donor_type::aromatic	1,0	1,0	7.539633,-6.702828
Mema_HFT_NA	Mema_HFT_NA	/content/drive/MyDrive/CS_5782_Final_Project/code_and_data/BAHD_lastLayer_embeddings/Mema_HFT_NA_hidden_layer_steps10.pt	donor_type::aromatic	donor_type::aromatic	1,0	1,0	7.187202,-8.748885
Mlon_AT1_NA	Mlon_AT1_NA	/content/drive/MyDrive/CS_5782_Final_Project/code_and_data/BAHD_lastLayer_embeddings/Mlon_AT1_NA_hidden_layer_steps10.pt	donor_type::aromatic	donor_type::aromatic	1,0	1,0	6.244849,-8.386994
Mlon_AT2_NA	Mlon_AT2_NA	/content/drive/MyDrive/CS_5782_Final_Project/code_and_data/BAHD_lastLayer_embeddings/Mlon_AT2_NA_hidden_layer_steps10.pt	donor_type::aromatic	donor_type::aromatic	1,0	1,0	5.092884,-6.094049
Mlon_AT1_NA	Mlon_AT3_NA	/content/drive/MyDrive/CS_5782_Final_Project/code_and_data/BAHD_lastLayer_embeddings/Mlon_AT1_NA_hidden_layer_steps10.pt	donor_type::aromatic	donor_type::aromatic	1,0	1,0	6.880134,-8.666592
Mlon_AT4_NA	Mlon_AT4_NA	/content/drive/MyDrive/CS_5782_Final_Project/code_and_data/BAHD_lastLayer_embeddings/Mlon_AT4_NA_hidden_layer_steps10.pt	donor_type::aromatic	donor_type::aromatic	1,0	1,0	8.784183,-2.233271
Mlon_AT6_NA	Mlon_AT6_NA	/content/drive/MyDrive/CS_5782_Final_Project/code_and_data/BAHD_lastLayer_embeddings/Mlon_AT6_NA_hidden_layer_steps10.pt	donor_type::aromatic	donor_type::aromatic	1,0	1,0	5.529745,-3.620220
Moff_RAS_CBW35684.1	Moff_RAS_CBW35684.1	/content/drive/MyDrive/CS_5782_Final_Project/code_and_data/BAHD_lastLayer_embeddings/Moff_RAS_CBW35684.1_hidden_layer_steps10.pt	donor_type::aromatic	donor_type::aromatic	1,0	1,0	3.971527,-7.791838
Mpal_HCT_AXN55971.1	Mpal_HCT_AXN55971.1	/content/drive/MyDrive/CS_5782_Final_Project/code_and_data/BAHD_lastLayer_embeddings/Mpal_HCT_AXN55971.1_hidden_layer_steps10.pt	donor_type::aromatic	donor_type::aromatic	1,0	1,0	2.347138,-5.013305
Mpol_HCT_PTQ49430.1	Mpol_HCT_PTQ49430.1	/content/drive/MyDrive/CS_5782_Final_Project/code_and_data/BAHD_lastLayer_embeddings/Mpol_HCT_PTQ49430.1_hidden_layer_steps10.pt	donor_type::aromatic	donor_type::aromatic	1,0	1,0	1.183974,-5.261834
Msap_AAT_CAC09063.1	Msap_AAT_CAC09063.1	/content/drive/MyDrive/CS_5782_Final_Project/code_and_data/BAHD_lastLayer_embeddings/Msap_AAT_CAC09063.1_hidden_layer_steps10.pt	donor_type::aliphatic	donor_type::aromatic;donor_type::aliphatic	0,1	1,1	3.170088,0.929472
Mtru_MAT1_ABY91220.1	Mtru_MAT1_ABY91220.1	/content/drive/MyDrive/CS_5782_Final_Project/code_and_data/BAHD_lastLayer_embeddings/Mtru_MAT1_ABY91220.1_hidden_layer_steps10.pt	donor_type::aliphatic	donor_type::aliphatic	0,1	0,1	-7.861365,10.055123
Mtru_MAT2_ABY91222.1	Mtru_MAT2_ABY91222.1	/content/drive/MyDrive/CS_5782_Final_Project/code_and_data/BAHD_lastLayer_embeddings/Mtru_MAT2_ABY91222.1_hidden_layer_steps10.pt	donor_type::aliphatic	donor_type::aliphatic	0,1	0,1	-7.813064,4.303525
Mtru_MAT3_ABY91221.1	Mtru_MAT3_ABY91221.1	/content/drive/MyDrive/CS_5782_Final_Project/code_and_data/BAHD_lastLayer_embeddings/Mtru_MAT3_ABY91221.1_hidden_layer_steps10.pt	donor_type::aliphatic	donor_type::aromatic	0,1	1,0	0.026761,-0.559518
Natt_AT1_AET80688.1	Natt_AT1_AET80688.1	/content/drive/MyDrive/CS_5782_Final_Project/code_and_data/BAHD_lastLayer_embeddings/Natt_AT1_AET80688.1_hidden_layer_steps10.pt	donor_type::aromatic	donor_type::aromatic	1,0	1,0	8.179070,-6.775371
Natt_DH29_AET80686.1	Natt_DH29_AET80686.1	/content/drive/MyDrive/CS_5782_Final_Project/code_and_data/BAHD_lastLayer_embeddings/Natt_DH29_AET80686.1_hidden_layer_steps10.pt	donor_type::aromatic	donor_type::aliphatic	1,0	0,1	-0.032380,2.312226
Ntab_ASAT1_XP_016480914.1	Ntab_ASAT1_XP_016480914.1	/content/drive/MyDrive/CS_5782_Final_Project/code_and_data/BAHD_lastLayer_embeddings/Ntab_ASAT1_XP_016480914.1_hidden_layer_steps10.pt	donor_type::aliphatic	donor_type::aliphatic	0,1	0,1	-13.232945,13.834629
Ntab_ASAT2_XP_016451255.1	Ntab_ASAT2_XP_016451255.1	/content/drive/MyDrive/CS_5782_Final_Project/code_and_data/BAHD_lastLayer_embeddings/Ntab_ASAT2_XP_016451255.1_hidden_layer_steps10.pt	donor_type::aliphatic	donor_type::aliphatic	0,1	0,1	-7.966978,10.030863
Ntab_BEBT_AAN09798.1	Ntab_BEBT_AAN09798.1	/content/drive/MyDrive/CS_5782_Final_Project/code_and_data/BAHD_lastLayer_embeddings/Ntab_BEBT_AAN09798.1_hidden_layer_steps10.pt	donor_type::aromatic	donor_type::aromatic;donor_type::aliphatic	1,0	1,1	2.394326,2.129698
Ntab_HCT_CAD47830.1	Ntab_HCT_CAD47830.1	/content/drive/MyDrive/CS_5782_Final_Project/code_and_data/BAHD_lastLayer_embeddings/Ntab_HCT_CAD47830.1_hidden_layer_steps10.pt	donor_type::aromatic	donor_type::aromatic	1,0	1,0	6.968912,-9.675239
Ntab_HQT_CAE46932.1	Ntab_HQT_CAE46932.1	/content/drive/MyDrive/CS_5782_Final_Project/code_and_data/BAHD_lastLayer_embeddings/Ntab_HQT_CAE46932.1_hidden_layer_steps10.pt	donor_type::aromatic	donor_type::aromatic	1,0	1,0	6.854793,-5.123138
Ntab_MAT1_BAD93691.1	Ntab_MAT1_BAD93691.1	/content/drive/MyDrive/CS_5782_Final_Project/code_and_data/BAHD_lastLayer_embeddings/Ntab_MAT1_BAD93691.1_hidden_layer_steps10.pt	donor_type::aliphatic	donor_type::aliphatic	0,1	0,1	-3.422004,1.987049
Ntab_SHT_QNO39110.1	Ntab_SHT_QNO39110.1	/content/drive/MyDrive/CS_5782_Final_Project/code_and_data/BAHD_lastLayer_embeddings/Ntab_SHT_QNO39110.1_hidden_layer_steps10.pt	donor_type::aromatic;donor_type::aliphatic	donor_type::aromatic	1,1	1,0	8.284372,-5.201138
Obas_CAAT1_QKK36036.1	Obas_CAAT1_QKK36036.1	/content/drive/MyDrive/CS_5782_Final_Project/code_and_data/BAHD_lastLayer_embeddings/Obas_CAAT1_QKK36036.1_hidden_layer_steps10.pt	donor_type::aliphatic	donor_type::aliphatic	0,1	0,1	-1.721291,0.793273
Obas_CAAT2_QKK36037.1	Obas_CAAT2_QKK36037.1	/content/drive/MyDrive/CS_5782_Final_Project/code_and_data/BAHD_lastLayer_embeddings/Obas_CAAT2_QKK36037.1_hidden_layer_steps10.pt	donor_type::aliphatic	donor_type::aliphatic	0,1	0,1	-3.265751,3.306141
Oeur_AT1_XP_022859703.1	Oeur_AT1_XP_022859703.1	/content/drive/MyDrive/CS_5782_Final_Project/code_and_data/BAHD_lastLayer_embeddings/Oeur_AT1_XP_022859703.1_hidden_layer_steps10.pt	donor_type::aromatic	donor_type::aromatic	1,0	1,0	13.132853,-7.935352
Osat_AHT1_CAE03579.1	Osat_AHT1_CAE03579.1	/content/drive/MyDrive/CS_5782_Final_Project/code_and_data/BAHD_lastLayer_embeddings/Osat_AHT1_CAE03579.1_hidden_layer_steps10.pt	donor_type::aromatic	donor_type::aromatic	1,0	1,0	9.139209,-9.583117
Osat_AT10_BAD33123.1	Osat_AT10_BAD33123.1	/content/drive/MyDrive/CS_5782_Final_Project/code_and_data/BAHD_lastLayer_embeddings/Osat_AT10_BAD33123.1_hidden_layer_steps10.pt	donor_type::aromatic	donor_type::aromatic	1,0	1,0	8.153039,-5.424327
Osat_DPW2_BAS75979.1	Osat_DPW2_BAS75979.1	/content/drive/MyDrive/CS_5782_Final_Project/code_and_data/BAHD_lastLayer_embeddings/Osat_DPW2_BAS75979.1_hidden_layer_steps10.pt	donor_type::aromatic	donor_type::aromatic	1,0	1,0	1.816089,-1.819258
Osat_FMT_BAF16996.1	Osat_FMT_BAF16996.1	/content/drive/MyDrive/CS_5782_Final_Project/code_and_data/BAHD_lastLayer_embeddings/Osat_FMT_BAF16996.1_hidden_layer_steps10.pt	donor_type::aromatic	donor_type::aromatic	1,0	1,0	4.186109,-0.728134
Osat_HCT4_BAD72437.1	Osat_HCT4_BAD72437.1	/content/drive/MyDrive/CS_5782_Final_Project/code_and_data/BAHD_lastLayer_embeddings/Osat_HCT4_BAD72437.1_hidden_layer_steps10.pt	donor_type::aromatic	donor_type::aromatic	1,0	1,0	3.556883,-4.354241
Osat_MAT-2_BAG96218.1	Osat_MAT-2_BAG96218.1	/content/drive/MyDrive/CS_5782_Final_Project/code_and_data/BAHD_lastLayer_embeddings/Osat_MAT-2_BAG96218.1_hidden_layer_steps10.pt	donor_type::aliphatic	donor_type::aliphatic	0,1	0,1	-2.975988,6.871818
Osat_PHT2_BAD72527.1	Osat_PHT2_BAD72527.1	/content/drive/MyDrive/CS_5782_Final_Project/code_and_data/BAHD_lastLayer_embeddings/Osat_PHT2_BAD72527.1_hidden_layer_steps10.pt	donor_type::aromatic		1,0	0,0	-9.611832,-2.370682
Osat_PHT3_BAC79154.1	Osat_PHT3_BAC79154.1	/content/drive/MyDrive/CS_5782_Final_Project/code_and_data/BAHD_lastLayer_embeddings/Osat_PHT3_BAC79154.1_hidden_layer_steps10.pt	donor_type::aromatic	donor_type::aromatic	1,0	1,0	9.724521,-6.294900
Osat_PHT4_BAC79155.1	Osat_PHT4_BAC79155.1	/content/drive/MyDrive/CS_5782_Final_Project/code_and_data/BAHD_lastLayer_embeddings/Osat_PHT4_BAC79155.1_hidden_layer_steps10.pt	donor_type::aromatic	donor_type::aromatic	1,0	1,0	8.612524,-9.536334
Osat_PHT4_BAC79155.1	Osat_PHT_BAC79155.1	/content/drive/MyDrive/CS_5782_Final_Project/code_and_data/BAHD_lastLayer_embeddings/Osat_PHT4_BAC79155.1_hidden_layer_steps10.pt	donor_type::aromatic	donor_type::aromatic	1,0	1,0	7.837921,-4.845260
Osat_PMT1_BAG87540.1	Osat_PMT1_BAG87540.1	/content/drive/MyDrive/CS_5782_Final_Project/code_and_data/BAHD_lastLayer_embeddings/Osat_PMT1_BAG87540.1_hidden_layer_steps10.pt	donor_type::aromatic;donor_type::aliphatic	donor_type::aliphatic	1,1	0,1	-1.767348,1.392610
Osat_PMT2_BAG91648.1	Osat_PMT2_BAG91648.1	/content/drive/MyDrive/CS_5782_Final_Project/code_and_data/BAHD_lastLayer_embeddings/Osat_PMT2_BAG91648.1_hidden_layer_steps10.pt	donor_type::aromatic	donor_type::aliphatic	1,0	0,1	-1.403932,1.501086
Osat_TBT1_ANQ47375.1	Osat_TBT1_ANQ47375.1	/content/drive/MyDrive/CS_5782_Final_Project/code_and_data/BAHD_lastLayer_embeddings/Osat_TBT1_ANQ47375.1_hidden_layer_steps10.pt	donor_type::aromatic	donor_type::aromatic	1,0	1,0	7.462070,-9.882385
Osat_TBT2_ANQ47376.1	Osat_TBT2_ANQ47376.1	/content/drive/MyDrive/CS_5782_Final_Project/code_and_data/BAHD_lastLayer_embeddings/Osat_TBT2_ANQ47376.1_hidden_layer_steps10.pt	donor_type::aromatic	donor_type::aromatic	1,0	1,0	12.357641,-13.630034
Osat_THT1_ANQ47373.1	Osat_THT1_ANQ47373.1	/content/drive/MyDrive/CS_5782_Final_Project/code_and_data/BAHD_lastLayer_embeddings/Osat_THT1_ANQ47373.1_hidden_layer_steps10.pt	donor_type::aromatic	donor_type::aromatic	1,0	1,0	9.799583,-7.213520
Osat_THT2_AAM74310.1	Osat_THT2_AAM74310.1	/content/drive/MyDrive/CS_5782_Final_Project/code_and_data/BAHD_lastLayer_embeddings/Osat_THT2_AAM74310.1_hidden_layer_steps10.pt	donor_type::aromatic	donor_type::aromatic	1,0	1,0	11.181270,-8.706254
Paff_BAHD21_NA	Paff_BAHD21_NA	/content/drive/MyDrive/CS_5782_Final_Project/code_and_data/BAHD_lastLayer_embeddings/Paff_BAHD21_NA_hidden_layer_steps10.pt	donor_type::aromatic	donor_type::aliphatic	1,0	0,1	-5.507936,6.493956
Papp_HCT_AXN55972.1	Papp_HCT_AXN55972.1	/content/drive/MyDrive/CS_5782_Final_Project/code_and_data/BAHD_lastLayer_embeddings/Papp_HCT_AXN55972.1_hidden_layer_steps10.pt	donor_type::aromatic	donor_type::aromatic	1,0	1,0	3.075342,-9.468352
Paxi_ASAT1_AOR06331.1	Paxi_ASAT1_AOR06331.1	/content/drive/MyDrive/CS_5782_Final_Project/code_and_data/BAHD_lastLayer_embeddings/Paxi_ASAT1_AOR06331.1_hidden_layer_steps10.pt	donor_type::aliphatic	donor_type::aliphatic	0,1	0,1	-8.367732,6.768189
Paxi_ASAT1_AOR06331.1	Paxi_ASAT2_AOR06331.1	/content/drive/MyDrive/CS_5782_Final_Project/code_and_data/BAHD_lastLayer_embeddings/Paxi_ASAT1_AOR06331.1_hidden_layer_steps10.pt	donor_type::aliphatic	donor_type::aliphatic	0,1	0,1	-8.757691,8.428235
Paxi_ASAT3_AOR06333.1	Paxi_ASAT3_AOR06333.1	/content/drive/MyDrive/CS_5782_Final_Project/code_and_data/BAHD_lastLayer_embeddings/Paxi_ASAT3_AOR06333.1_hidden_layer_steps10.pt	donor_type::aliphatic	donor_type::aliphatic	0,1	0,1	-7.848031,7.948002
Paxi_ASAT4_AOR06334.1	Paxi_ASAT4_AOR06334.1	/content/drive/MyDrive/CS_5782_Final_Project/code_and_data/BAHD_lastLayer_embeddings/Paxi_ASAT4_AOR06334.1_hidden_layer_steps10.pt	donor_type::aliphatic	donor_type::aliphatic	0,1	0,1	-5.092618,8.796271
Paxi_CFAT_ABG75942.1	Paxi_CFAT_ABG75942.1	/content/drive/MyDrive/CS_5782_Final_Project/code_and_data/BAHD_lastLayer_embeddings/Paxi_CFAT_ABG75942.1_hidden_layer_steps10.pt	donor_type::aliphatic	donor_type::aliphatic	0,1	0,1	-2.032488,0.836212
Pbar_AT1_WEX29777.1	Pbar_AT1_WEX29777.1	/content/drive/MyDrive/CS_5782_Final_Project/code_and_data/BAHD_lastLayer_embeddings/Pbar_AT1_WEX29777.1_hidden_layer_steps10.pt	donor_type::aromatic	donor_type::aromatic	1,0	1,0	9.709984,-5.205497
Pcam_HCT_QDF44405.1	Pcam_HCT_QDF44405.1	/content/drive/MyDrive/CS_5782_Final_Project/code_and_data/BAHD_lastLayer_embeddings/Pcam_HCT_QDF44405.1_hidden_layer_steps10.pt	donor_type::aromatic	donor_type::aromatic	1,0	1,0	6.572897,-6.940044
Pcam_HQT_QDF44406.1	Pcam_HQT_QDF44406.1	/content/drive/MyDrive/CS_5782_Final_Project/code_and_data/BAHD_lastLayer_embeddings/Pcam_HQT_QDF44406.1_hidden_layer_steps10.pt	donor_type::aromatic	donor_type::aromatic	1,0	1,0	5.358031,-10.955379
Pcam_RAS_QDF44407.1	Pcam_RAS_QDF44407.1	/content/drive/MyDrive/CS_5782_Final_Project/code_and_data/BAHD_lastLayer_embeddings/Pcam_RAS_QDF44407.1_hidden_layer_steps10.pt	donor_type::aromatic	donor_type::aromatic	1,0	1,0	5.115567,-2.197784
Pcru_3MAT_AAO38058.1	Pcru_3MAT_AAO38058.1	/content/drive/MyDrive/CS_5782_Final_Project/code_and_data/BAHD_lastLayer_embeddings/Pcru_3MAT_AAO38058.1_hidden_layer_steps10.pt	donor_type::aliphatic	donor_type::aliphatic	0,1	0,1	-4.064953,5.654290
Pfru_3AT_BAA93475.1	Pfru_3AT_BAA93475.1	/content/drive/MyDrive/CS_5782_Final_Project/code_and_data/BAHD_lastLayer_embeddings/Pfru_3AT_BAA93475.1_hidden_layer_steps10.pt	donor_type::aromatic	donor_type::aliphatic	1,0	0,1	-6.616467,9.709834
Phyb_AAT_AAW31948.1	Phyb_AAT_AAW31948.1	/content/drive/MyDrive/CS_5782_Final_Project/code_and_data/BAHD_lastLayer_embeddings/Phyb_AAT_AAW31948.1_hidden_layer_steps10.pt	donor_type::aliphatic	donor_type::aliphatic	0,1	0,1	-6.718182,6.300820
Phyb_BPBT_AAU06226.1	Phyb_BPBT_AAU06226.1	/content/drive/MyDrive/CS_5782_Final_Project/code_and_data/BAHD_lastLayer_embeddings/Phyb_BPBT_AAU06226.1_hidden_layer_steps10.pt	donor_type::aromatic;donor_type::aliphatic	donor_type::aromatic;donor_type::aliphatic	1,1	1,1	4.643176,0.395945
Phyb_CFAT_ABG75942.1	Phyb_CFAT_ABG75942.1	/content/drive/MyDrive/CS_5782_Final_Project/code_and_data/BAHD_lastLayer_embeddings/Phyb_CFAT_ABG75942.1_hidden_layer_steps10.pt	donor_type::aliphatic	donor_type::aliphatic	0,1	0,1	-2.032488,0.836212
Pnig_PAS_QUS53101.1	Pnig_BAHD1_QUS53101.1	/content/drive/MyDrive/CS_5782_Final_Project/code_and_data/BAHD_lastLayer_embeddings/Pnig_PAS_QUS53101.1_hidden_layer_steps10.pt	donor_type::aromatic;donor_type::aliphatic	donor_type::aromatic;donor_type::aliphatic	1,1	1,1	3.617340,3.806544
Pnig_PS_QUS53100.1	Pnig_BAHD2_QUS53100.1	/content/drive/MyDrive/CS_5782_Final_Project/code_and_data/BAHD_lastLayer_embeddings/Pnig_PS_QUS53100.1_hidden_layer_steps10.pt	donor_type::aromatic	donor_type::aromatic	1,0	1,0	2.915090,-2.258517
Pnig_HCT1_AEN02914.1	Pnig_HCT1_AEN02914.1	/content/drive/MyDrive/CS_5782_Final_Project/code_and_data/BAHD_lastLayer_embeddings/Pnig_HCT1_AEN02914.1_hidden_layer_steps10.pt	donor_type::aromatic	donor_type::aromatic	1,0	1,0	6.143649,-6.836023
Pnig_PAS_QUS53101.1	Pnig_PAS_QUS53101.1	/content/drive/MyDrive/CS_5782_Final_Project/code_and_data/BAHD_lastLayer_embeddings/Pnig_PAS_QUS53101.1_hidden_layer_steps10.pt	donor_type::aromatic;donor_type::aliphatic	donor_type::aromatic;donor_type::aliphatic	1,1	1,1	2.517395,4.281409
Pnig_PHT1_BGB46908.1	Pnig_PHT1_BGB46908.1	/content/drive/MyDrive/CS_5782_Final_Project/code_and_data/BAHD_lastLayer_embeddings/Pnig_PHT1_BGB46908.1_hidden_layer_steps10.pt	donor_type::aromatic	donor_type::aromatic	1,0	1,0	2.015163,-3.402788
Pnig_PS_QUS53100.1	Pnig_PS_QUS53100.1	/content/drive/MyDrive/CS_5782_Final_Project/code_and_data/BAHD_lastLayer_embeddings/Pnig_PS_QUS53100.1_hidden_layer_steps10.pt	donor_type::aromatic	donor_type::aromatic	1,0	1,0	2.795940,-2.023505
Post_DPBT_Pos.gene30573	Post_DPBT_Pos.gene30573	/content/drive/MyDrive/CS_5782_Final_Project/code_and_data/BAHD_lastLayer_embeddings/Post_DPBT_Pos.gene30573_hidden_layer_steps10.pt	donor_type::aromatic	donor_type::aromatic	1,0	1,0	3.765894,-2.972693
Ppat_HCT1_AMK38063.1	Ppat_HCT1_AMK38063.1	/content/drive/MyDrive/CS_5782_Final_Project/code_and_data/BAHD_lastLayer_embeddings/Ppat_HCT1_AMK38063.1_hidden_layer_steps10.pt	donor_type::aromatic	donor_type::aromatic	1,0	1,0	4.133077,-3.829501
Ppat_HCT1_AMK38063.1	Ppat_HCT_AMK38063.1	/content/drive/MyDrive/CS_5782_Final_Project/code_and_data/BAHD_lastLayer_embeddings/Ppat_HCT1_AMK38063.1_hidden_layer_steps10.pt	donor_type::aromatic	donor_type::aromatic	1,0	1,0	3.343998,-5.258080
Pper_AAT1_QEZ90730.1	Pper_AAT1_QEZ90730.1	/content/drive/MyDrive/CS_5782_Final_Project/code_and_data/BAHD_lastLayer_embeddings/Pper_AAT1_QEZ90730.1_hidden_layer_steps10.pt	donor_type::aliphatic	donor_type::aliphatic	0,1	0,1	-0.195529,2.946346
Prad_HCT_ABO52899.1	Prad_HCT_ABO52899.1	/content/drive/MyDrive/CS_5782_Final_Project/code_and_data/BAHD_lastLayer_embeddings/Prad_HCT_ABO52899.1_hidden_layer_steps10.pt	donor_type::aromatic	donor_type::aromatic	1,0	1,0	2.694512,-4.706202
Pscu_HCT2_CBI83579.1	Pscu_HCT2_CBI83579.1	/content/drive/MyDrive/CS_5782_Final_Project/code_and_data/BAHD_lastLayer_embeddings/Pscu_HCT2_CBI83579.1_hidden_layer_steps10.pt	donor_type::aromatic	donor_type::aromatic	1,0	1,0	5.462991,-7.895914
Pscu_RAS_CAK55166.1	Pscu_RAS_CAK55166.1	/content/drive/MyDrive/CS_5782_Final_Project/code_and_data/BAHD_lastLayer_embeddings/Pscu_RAS_CAK55166.1_hidden_layer_steps10.pt	donor_type::aromatic	donor_type::aromatic	1,0	1,0	2.766929,-3.580042
Psom_SALAT_AAK73661.1	Psom_SALAT_AAK73661.1	/content/drive/MyDrive/CS_5782_Final_Project/code_and_data/BAHD_lastLayer_embeddings/Psom_SALAT_AAK73661.1_hidden_layer_steps10.pt	donor_type::aliphatic	donor_type::aliphatic	0,1	0,1	-4.850609,7.889924
Ptri_BEBT_AJD25145.1	Ptri_BEBT_AJD25145.1	/content/drive/MyDrive/CS_5782_Final_Project/code_and_data/BAHD_lastLayer_embeddings/Ptri_BEBT_AJD25145.1_hidden_layer_steps10.pt	donor_type::aromatic;donor_type::aliphatic	donor_type::aromatic;donor_type::aliphatic	1,1	1,1	2.304848,1.068487
Ptri_FHT1_AGJ03151.1	Ptri_FHT1_AGJ03151.1	/content/drive/MyDrive/CS_5782_Final_Project/code_and_data/BAHD_lastLayer_embeddings/Ptri_FHT1_AGJ03151.1_hidden_layer_steps10.pt	donor_type::aromatic	donor_type::aromatic	1,0	1,0	5.136307,-9.672536
Ptri_HBMT1_PNT60021.1	Ptri_HBMT1_PNT60021.1	/content/drive/MyDrive/CS_5782_Final_Project/code_and_data/BAHD_lastLayer_embeddings/Ptri_HBMT1_PNT60021.1_hidden_layer_steps10.pt	donor_type::aromatic	donor_type::aromatic;donor_type::aliphatic	1,0	1,1	5.043263,0.508583
Ptri_HCT6_PNT52620.1	Ptri_HCT6_PNT52620.1	/content/drive/MyDrive/CS_5782_Final_Project/code_and_data/BAHD_lastLayer_embeddings/Ptri_HCT6_PNT52620.1_hidden_layer_steps10.pt	donor_type::aromatic	donor_type::aromatic	1,0	1,0	8.254992,-9.776258
Ptri_HBMT1_PNT60021.1	Ptri_PHBMT1_AJD79571.1	/content/drive/MyDrive/CS_5782_Final_Project/code_and_data/BAHD_lastLayer_embeddings/Ptri_HBMT1_PNT60021.1_hidden_layer_steps10.pt	donor_type::aromatic;donor_type::aliphatic	donor_type::aromatic;donor_type::aliphatic	1,1	1,1	5.043263,0.508583
Ptri_SABT_AJD25144.1	Ptri_SABT_AJD25144.1	/content/drive/MyDrive/CS_5782_Final_Project/code_and_data/BAHD_lastLayer_embeddings/Ptri_SABT_AJD25144.1_hidden_layer_steps10.pt	donor_type::aromatic;donor_type::aliphatic	donor_type::aromatic;donor_type::aliphatic	1,1	1,1	0.147615,0.164938
Pvir_FMT_KAG2630178.1	Pvir_FMT_KAG2630178.1	/content/drive/MyDrive/CS_5782_Final_Project/code_and_data/BAHD_lastLayer_embeddings/Pvir_FMT_KAG2630178.1_hidden_layer_steps10.pt	donor_type::aromatic	donor_type::aromatic	1,0	1,0	1.323093,-1.402519
Pvir_HCT1a_BAO20883.1	Pvir_HCT1a_BAO20883.1	/content/drive/MyDrive/CS_5782_Final_Project/code_and_data/BAHD_lastLayer_embeddings/Pvir_HCT1a_BAO20883.1_hidden_layer_steps10.pt	donor_type::aromatic	donor_type::aromatic	1,0	1,0	7.274859,-8.146016
Pvir_HCT2a_AGM90558.1	Pvir_HCT2a_AGM90558.1	/content/drive/MyDrive/CS_5782_Final_Project/code_and_data/BAHD_lastLayer_embeddings/Pvir_HCT2a_AGM90558.1_hidden_layer_steps10.pt	donor_type::aromatic	donor_type::aromatic	1,0	1,0	9.244551,-9.293790
Pvir_PMT_KAG2616253.1	Pvir_PMT_KAG2616253.1	/content/drive/MyDrive/CS_5782_Final_Project/code_and_data/BAHD_lastLayer_embeddings/Pvir_PMT_KAG2616253.1_hidden_layer_steps10.pt	donor_type::aromatic	donor_type::aromatic	1,0	1,0	2.925896,-2.232752
Pvul_HHHT_AOX15526.1	Pvul_HHHT_AOX15526.1	/content/drive/MyDrive/CS_5782_Final_Project/code_and_data/BAHD_lastLayer_embeddings/Pvul_HHHT_AOX15526.1_hidden_layer_steps10.pt	donor_type::aromatic	donor_type::aromatic	1,0	1,0	7.177012,-7.242081
Rcan_SHT_QNO39111.1	Rcan_SHT_QNO39111.1	/content/drive/MyDrive/CS_5782_Final_Project/code_and_data/BAHD_lastLayer_embeddings/Rcan_SHT_QNO39111.1_hidden_layer_steps10.pt	donor_type::aromatic	donor_type::aromatic	1,0	1,0	6.009025,-2.864805
Rcom_SHT_QNO39108.1	Rcom_SHT_QNO39108.1	/content/drive/MyDrive/CS_5782_Final_Project/code_and_data/BAHD_lastLayer_embeddings/Rcom_SHT_QNO39108.1_hidden_layer_steps10.pt	donor_type::aromatic	donor_type::aromatic	1,0	1,0	4.325164,-4.379171
Rglu_AT1_WEX29776.1	Rglu_AT1_WEX29776.1	/content/drive/MyDrive/CS_5782_Final_Project/code_and_data/BAHD_lastLayer_embeddings/Rglu_AT1_WEX29776.1_hidden_layer_steps10.pt	donor_type::aromatic	donor_type::aromatic	1,0	1,0	8.498732,-4.289338
Rhyb_AAT1_AAW31948.1	Rhyb_AAT1_AAW31948.1	/content/drive/MyDrive/CS_5782_Final_Project/code_and_data/BAHD_lastLayer_embeddings/Rhyb_AAT1_AAW31948.1_hidden_layer_steps10.pt	donor_type::aliphatic	donor_type::aliphatic	0,1	0,1	-6.718182,6.300820
Rser_VS_CAD89104.2	Rser_ACT_CAD89104.2	/content/drive/MyDrive/CS_5782_Final_Project/code_and_data/BAHD_lastLayer_embeddings/Rser_VS_CAD89104.2_hidden_layer_steps10.pt	donor_type::aliphatic	donor_type::aliphatic	0,1	0,1	-2.998776,4.435235
Rser_VS_CAD89104.2	Rser_VS_CAD89104.2	/content/drive/MyDrive/CS_5782_Final_Project/code_and_data/BAHD_lastLayer_embeddings/Rser_VS_CAD89104.2_hidden_layer_steps10.pt	donor_type::aliphatic	donor_type::aliphatic	0,1	0,1	-2.874101,3.296811
Rser_YAT_PQ801655	Rser_YAT_PQ801655	/content/drive/MyDrive/CS_5782_Final_Project/code_and_data/BAHD_lastLayer_embeddings/Rser_YAT_PQ801655_hidden_layer_steps10.pt	donor_type::aliphatic		0,1	0,0	-9.395514,-0.134290
Sbic_COSY_OQU75851.1	Sbic_COSY_OQU75851.1	/content/drive/MyDrive/CS_5782_Final_Project/code_and_data/BAHD_lastLayer_embeddings/Sbic_COSY_OQU75851.1_hidden_layer_steps10.pt	donor_type::aromatic	donor_type::aromatic;donor_type::aliphatic	1,0	1,1	2.862890,0.219364
Sbic_FMT_EES15804.1	Sbic_FMT_EES15804.1	/content/drive/MyDrive/CS_5782_Final_Project/code_and_data/BAHD_lastLayer_embeddings/Sbic_FMT_EES15804.1_hidden_layer_steps10.pt	donor_type::aromatic	donor_type::aromatic	1,0	1,0	6.093727,-4.191823
Sbic_HCT_EES05411.1	Sbic_HCT_EES05411.1	/content/drive/MyDrive/CS_5782_Final_Project/code_and_data/BAHD_lastLayer_embeddings/Sbic_HCT_EES05411.1_hidden_layer_steps10.pt	donor_type::aromatic	donor_type::aromatic	1,0	1,0	8.506907,-9.611538
Sbic_PMT_EES17668.1	Sbic_PMT_EES17668.1	/content/drive/MyDrive/CS_5782_Final_Project/code_and_data/BAHD_lastLayer_embeddings/Sbic_PMT_EES17668.1_hidden_layer_steps10.pt	donor_type::aromatic	donor_type::aromatic	1,0	1,0	2.115028,-3.266731
Sche_AAT10422_BCJ78482.1	Sche_AAT10422_BCJ78482.1	/content/drive/MyDrive/CS_5782_Final_Project/code_and_data/BAHD_lastLayer_embeddings/Sche_AAT10422_BCJ78482.1_hidden_layer_steps10.pt	donor_type::aliphatic	donor_type::aliphatic	0,1	0,1	-3.524785,5.726100
Schi_CFAT_URQ03862.1	Schi_CFAT_URQ03862.1	/content/drive/MyDrive/CS_5782_Final_Project/code_and_data/BAHD_lastLayer_embeddings/Schi_CFAT_URQ03862.1_hidden_layer_steps10.pt	donor_type::aliphatic	donor_type::aromatic	0,1	1,0	0.449893,-0.210169
Schm_AAT11306_BCJ78485.1	Schm_AAT11306_BCJ78485.1	/content/drive/MyDrive/CS_5782_Final_Project/code_and_data/BAHD_lastLayer_embeddings/Schm_AAT11306_BCJ78485.1_hidden_layer_steps10.pt	donor_type::aliphatic	donor_type::aliphatic	0,1	0,1	-5.310956,7.581530
Scru_3MAT_AAO38058	Scru_3MAT_AAO38058	/content/drive/MyDrive/CS_5782_Final_Project/code_and_data/BAHD_lastLayer_embeddings/Scru_3MAT_AAO38058_hidden_layer_steps10.pt	donor_type::aliphatic	donor_type::aliphatic	0,1	0,1	-4.064953,5.654290
Sfal_HFT-like_KAH8954438.1	Sfal_HFT-like_KAH8954438.1	/content/drive/MyDrive/CS_5782_Final_Project/code_and_data/BAHD_lastLayer_embeddings/Sfal_HFT-like_KAH8954438.1_hidden_layer_steps10.pt	donor_type::aromatic	donor_type::aromatic	1,0	1,0	6.355134,-5.157977
Sgal_AAT10483_BCJ78483.1	Sgal_AAT10483_BCJ78483.1	/content/drive/MyDrive/CS_5782_Final_Project/code_and_data/BAHD_lastLayer_embeddings/Sgal_AAT10483_BCJ78483.1_hidden_layer_steps10.pt	donor_type::aliphatic	donor_type::aliphatic	0,1	0,1	-5.845265,7.054569
Sgla_HQT1_WYJ75404.1	Sgla_HQT1_WYJ75404.1	/content/drive/MyDrive/CS_5782_Final_Project/code_and_data/BAHD_lastLayer_embeddings/Sgla_HQT1_WYJ75404.1_hidden_layer_steps10.pt	donor_type::aromatic	donor_type::aromatic	1,0	1,0	7.270856,-6.589262
Sgla_HQT2_WYJ75406.1	Sgla_HQT2_WYJ75406.1	/content/drive/MyDrive/CS_5782_Final_Project/code_and_data/BAHD_lastLayer_embeddings/Sgla_HQT2_WYJ75406.1_hidden_layer_steps10.pt	donor_type::aromatic	donor_type::aromatic	1,0	1,0	7.941677,-11.023741
Sgla_HST_WYJ75403.1	Sgla_HST_WYJ75403.1	/content/drive/MyDrive/CS_5782_Final_Project/code_and_data/BAHD_lastLayer_embeddings/Sgla_HST_WYJ75403.1_hidden_layer_steps10.pt	donor_type::aromatic	donor_type::aromatic	1,0	1,0	6.830684,-7.531216
Sgla_RAS_WYJ75405.1	Sgla_RAS_WYJ75405.1	/content/drive/MyDrive/CS_5782_Final_Project/code_and_data/BAHD_lastLayer_embeddings/Sgla_RAS_WYJ75405.1_hidden_layer_steps10.pt	donor_type::aromatic	donor_type::aromatic	1,0	1,0	5.412771,-6.406364
Shab_AAT11777_BCJ78486.1	Shab_AAT11777_BCJ78486.1	/content/drive/MyDrive/CS_5782_Final_Project/code_and_data/BAHD_lastLayer_embeddings/Shab_AAT11777_BCJ78486.1_hidden_layer_steps10.pt	donor_type::aliphatic	donor_type::aliphatic	0,1	0,1	-4.514932,4.739820
Shab_ASAT2_ALU64009.1	Shab_ASAT2_ALU64009.1	/content/drive/MyDrive/CS_5782_Final_Project/code_and_data/BAHD_lastLayer_embeddings/Shab_ASAT2_ALU64009.1_hidden_layer_steps10.pt	donor_type::aliphatic	donor_type::aliphatic	0,1	0,1	-6.031657,9.067367
Shab_ASAT3-F_AJF98584.1	Shab_ASAT3-F_AJF98584.1	/content/drive/MyDrive/CS_5782_Final_Project/code_and_data/BAHD_lastLayer_embeddings/Shab_ASAT3-F_AJF98584.1_hidden_layer_steps10.pt	donor_type::aliphatic	donor_type::aliphatic	0,1	0,1	-9.906185,10.719053
Shab_ASAT3-P_AJF98591.1	Shab_ASAT3-P_AJF98591.1	/content/drive/MyDrive/CS_5782_Final_Project/code_and_data/BAHD_lastLayer_embeddings/Shab_ASAT3-P_AJF98591.1_hidden_layer_steps10.pt	donor_type::aliphatic	donor_type::aliphatic	0,1	0,1	-6.094737,6.592270
Sind_AT1_BEE35702.1	Sind_AT1_BEE35702.1	/content/drive/MyDrive/CS_5782_Final_Project/code_and_data/BAHD_lastLayer_embeddings/Sind_AT1_BEE35702.1_hidden_layer_steps10.pt	donor_type::aromatic	donor_type::aromatic	1,0	1,0	11.109198,-6.634451
Sind_AT2_BEE35703.1	Sind_AT2_BEE35703.1	/content/drive/MyDrive/CS_5782_Final_Project/code_and_data/BAHD_lastLayer_embeddings/Sind_AT2_BEE35703.1_hidden_layer_steps10.pt	donor_type::aromatic	donor_type::aromatic	1,0	1,0	11.857963,-7.032819
Sind_AT1_BEE35702.1	Sind_SHCT_XP_011083883.1	/content/drive/MyDrive/CS_5782_Final_Project/code_and_data/BAHD_lastLayer_embeddings/Sind_AT1_BEE35702.1_hidden_layer_steps10.pt	donor_type::aromatic	donor_type::aromatic	1,0	1,0	11.109198,-6.634451
Slyc_AAT1_XP_004244681.1	Slyc_AAT1_XP_004244681.1	/content/drive/MyDrive/CS_5782_Final_Project/code_and_data/BAHD_lastLayer_embeddings/Slyc_AAT1_XP_004244681.1_hidden_layer_steps10.pt	donor_type::aliphatic		0,1	0,0	-0.617168,-2.394489
Slyc_PHT1_UTQ10234.1	Slyc_ACT2_XP_004251197.1	/content/drive/MyDrive/CS_5782_Final_Project/code_and_data/BAHD_lastLayer_embeddings/Slyc_PHT1_UTQ10234.1_hidden_layer_steps10.pt	donor_type::aromatic	donor_type::aromatic	1,0	1,0	3.876851,-5.853513
Slyc_ASAT1_NP_001316332.1	Slyc_ASAT1_NP_001316332.1	/content/drive/MyDrive/CS_5782_Final_Project/code_and_data/BAHD_lastLayer_embeddings/Slyc_ASAT1_NP_001316332.1_hidden_layer_steps10.pt	donor_type::aliphatic	donor_type::aliphatic	0,1	0,1	-5.498363,8.753249
Slyc_ASAT2_ALU64015.1	Slyc_ASAT2_ALU64015.1	/content/drive/MyDrive/CS_5782_Final_Project/code_and_data/BAHD_lastLayer_embeddings/Slyc_ASAT2_ALU64015.1_hidden_layer_steps10.pt	donor_type::aliphatic	donor_type::aliphatic	0,1	0,1	-9.083136,8.186905
Slyc_ASAT3_AJF98582.1	Slyc_ASAT3_AJF98582.1	/content/drive/MyDrive/CS_5782_Final_Project/code_and_data/BAHD_lastLayer_embeddings/Slyc_ASAT3_AJF98582.1_hidden_layer_steps10.pt	donor_type::aliphatic	donor_type::aliphatic	0,1	0,1	-0.199149,5.648660
Slyc_ASAT4_AFM77971.1	Slyc_ASAT4_AFM77971.1	/content/drive/MyDrive/CS_5782_Final_Project/code_and_data/BAHD_lastLayer_embeddings/Slyc_ASAT4_AFM77971.1_hidden_layer_steps10.pt	donor_type::aliphatic	donor_type::aliphatic	0,1	0,1	-3.891630,1.832691
Slyc_GAME36_XP_004246214.1	Slyc_GAME36_XP_004246214.1	/content/drive/MyDrive/CS_5782_Final_Project/code_and_data/BAHD_lastLayer_embeddings/Slyc_GAME36_XP_004246214.1_hidden_layer_steps10.pt	donor_type::aliphatic	donor_type::aliphatic	0,1	0,1	-9.709387,12.229101
Slyc_HCT_XP_004235891.1	Slyc_HCT_XP_004235891.1	/content/drive/MyDrive/CS_5782_Final_Project/code_and_data/BAHD_lastLayer_embeddings/Slyc_HCT_XP_004235891.1_hidden_layer_steps10.pt	donor_type::aromatic	donor_type::aromatic	1,0	1,0	6.875750,-8.218660
Slyc_HQT_CAE46933.1	Slyc_HQT_CAE46933.1	/content/drive/MyDrive/CS_5782_Final_Project/code_and_data/BAHD_lastLayer_embeddings/Slyc_HQT_CAE46933.1_hidden_layer_steps10.pt	donor_type::aromatic	donor_type::aromatic	1,0	1,0	2.950657,-1.726114
Slyc_PHT1_UTQ10234.1	Slyc_PHT1_UTQ10234.1	/content/drive/MyDrive/CS_5782_Final_Project/code_and_data/BAHD_lastLayer_embeddings/Slyc_PHT1_UTQ10234.1_hidden_layer_steps10.pt	donor_type::aromatic	donor_type::aromatic	1,0	1,0	3.385699,-5.410359
Slyc_PHT2_UTQ10235.1	Slyc_PHT2_UTQ10235.1	/content/drive/MyDrive/CS_5782_Final_Project/code_and_data/BAHD_lastLayer_embeddings/Slyc_PHT2_UTQ10235.1_hidden_layer_steps10.pt	donor_type::aromatic	donor_type::aromatic	1,0	1,0	5.223783,-3.166664
Slyc_SHT_QNO39109.1	Slyc_SHT_QNO39109.1	/content/drive/MyDrive/CS_5782_Final_Project/code_and_data/BAHD_lastLayer_embeddings/Slyc_SHT_QNO39109.1_hidden_layer_steps10.pt	donor_type::aromatic	donor_type::aromatic	1,0	1,0	6.746997,-2.728840
Smel_SHT_AKP24035.1	Smel_SHT_AKP24035.1	/content/drive/MyDrive/CS_5782_Final_Project/code_and_data/BAHD_lastLayer_embeddings/Smel_SHT_AKP24035.1_hidden_layer_steps10.pt	donor_type::aromatic	donor_type::aromatic	1,0	1,0	4.781176,-0.511205
Smoe_HCT1a_XP_002979061.1	Smoe_HCT1a_XP_002979061.1	/content/drive/MyDrive/CS_5782_Final_Project/code_and_data/BAHD_lastLayer_embeddings/Smoe_HCT1a_XP_002979061.1_hidden_layer_steps10.pt	donor_type::aromatic	donor_type::aromatic	1,0	1,0	9.974746,-15.043918
Sneo_AAT10247_BCJ78484.1	Sneo_AAT10247_BCJ78484.1	/content/drive/MyDrive/CS_5782_Final_Project/code_and_data/BAHD_lastLayer_embeddings/Sneo_AAT10247_BCJ78484.1_hidden_layer_steps10.pt	donor_type::aliphatic	donor_type::aliphatic	0,1	0,1	-3.100616,5.462057
Snig_AGAT1_WES72146.1	Snig_AGAT1_WES72146.1	/content/drive/MyDrive/CS_5782_Final_Project/code_and_data/BAHD_lastLayer_embeddings/Snig_AGAT1_WES72146.1_hidden_layer_steps10.pt	donor_type::aliphatic		0,1	0,0	-1.458967,-3.388666
Snig_ASAT1_ART34015.1	Snig_ASAT1_ART34015.1	/content/drive/MyDrive/CS_5782_Final_Project/code_and_data/BAHD_lastLayer_embeddings/Snig_ASAT1_ART34015.1_hidden_layer_steps10.pt	donor_type::aliphatic	donor_type::aliphatic	0,1	0,1	-9.290117,9.066805
Snig_ASAT2_WES72145.1	Snig_ASAT2_WES72145.1	/content/drive/MyDrive/CS_5782_Final_Project/code_and_data/BAHD_lastLayer_embeddings/Snig_ASAT2_WES72145.1_hidden_layer_steps10.pt	donor_type::aliphatic	donor_type::aliphatic	0,1	0,1	-8.452650,5.775539
Snux_AT_UQZ09626.1	Snux_AT_UQZ09626.1	/content/drive/MyDrive/CS_5782_Final_Project/code_and_data/BAHD_lastLayer_embeddings/Snux_AT_UQZ09626.1_hidden_layer_steps10.pt	donor_type::aliphatic	donor_type::aliphatic	0,1	0,1	-7.177923,9.424973
Soff_AAT1_BDW80084.1	Soff_AAT1_BDW80084.1	/content/drive/MyDrive/CS_5782_Final_Project/code_and_data/BAHD_lastLayer_embeddings/Soff_AAT1_BDW80084.1_hidden_layer_steps10.pt	donor_type::aliphatic	donor_type::aliphatic	0,1	0,1	-4.336810,4.096000
Sole_SOAP10_KNA12459.1	Sole_SOAP10_KNA12459.1	/content/drive/MyDrive/CS_5782_Final_Project/code_and_data/BAHD_lastLayer_embeddings/Sole_SOAP10_KNA12459.1_hidden_layer_steps10.pt	donor_type::aliphatic	donor_type::aromatic	0,1	1,0	6.271819,-2.460011
Some_HCT_EFJ20018.1	Some_HCT_EFJ20018.1	/content/drive/MyDrive/CS_5782_Final_Project/code_and_data/BAHD_lastLayer_embeddings/Some_HCT_EFJ20018.1_hidden_layer_steps10.pt	donor_type::aromatic	donor_type::aromatic	1,0	1,0	5.984359,-10.294319
Spen_AAT12560_BCJ78487.1	Spen_AAT12560_BCJ78487.1	/content/drive/MyDrive/CS_5782_Final_Project/code_and_data/BAHD_lastLayer_embeddings/Spen_AAT12560_BCJ78487.1_hidden_layer_steps10.pt	donor_type::aliphatic	donor_type::aliphatic	0,1	0,1	-1.786042,4.098146
Spen_AAT1_AIW04708.1	Spen_AAT1_AIW04708.1	/content/drive/MyDrive/CS_5782_Final_Project/code_and_data/BAHD_lastLayer_embeddings/Spen_AAT1_AIW04708.1_hidden_layer_steps10.pt	donor_type::aliphatic	donor_type::aliphatic	0,1	0,1	-4.017025,4.759530
Spen_ASAT2_ALU64005.1	Spen_ASAT2_ALU64005.1	/content/drive/MyDrive/CS_5782_Final_Project/code_and_data/BAHD_lastLayer_embeddings/Spen_ASAT2_ALU64005.1_hidden_layer_steps10.pt	donor_type::aliphatic	donor_type::aliphatic	0,1	0,1	-3.616274,7.422620
Spen_ASAT3_AJF98583.1	Spen_ASAT3_AJF98583.1	/content/drive/MyDrive/CS_5782_Final_Project/code_and_data/BAHD_lastLayer_embeddings/Spen_ASAT3_AJF98583.1_hidden_layer_steps10.pt	donor_type::aliphatic	donor_type::aliphatic	0,1	0,1	-5.500808,7.061975
Spim_AAT11589_BCJ78481.1	Spim_AAT11589_BCJ78481.1	/content/drive/MyDrive/CS_5782_Final_Project/code_and_data/BAHD_lastLayer_embeddings/Spim_AAT11589_BCJ78481.1_hidden_layer_steps10.pt	donor_type::aliphatic	donor_type::aliphatic	0,1	0,1	-6.276163,6.344838
Spot_AT_UQZ09635.1	Spot_AT_UQZ09635.1	/content/drive/MyDrive/CS_5782_Final_Project/code_and_data/BAHD_lastLayer_embeddings/Spot_AT_UQZ09635.1_hidden_layer_steps10.pt	donor_type::aliphatic	donor_type::aliphatic	0,1	0,1	-6.760676,12.761330
Squi_ASAT1H_UTN00742.1	Squi_ASAT1H_UTN00742.1	/content/drive/MyDrive/CS_5782_Final_Project/code_and_data/BAHD_lastLayer_embeddings/Squi_ASAT1H_UTN00742.1_hidden_layer_steps10.pt	donor_type::aliphatic	donor_type::aliphatic	0,1	0,1	-6.258237,5.325857
Squi_ASAT3H_UTN00743.1	Squi_ASAT3H_UTN00743.1	/content/drive/MyDrive/CS_5782_Final_Project/code_and_data/BAHD_lastLayer_embeddings/Squi_ASAT3H_UTN00743.1_hidden_layer_steps10.pt	donor_type::aliphatic	donor_type::aliphatic	0,1	0,1	-7.911923,11.979115
Squi_ASAT4H_QNR60312.1	Squi_ASAT4H_QNR60312.1	/content/drive/MyDrive/CS_5782_Final_Project/code_and_data/BAHD_lastLayer_embeddings/Squi_ASAT4H_QNR60312.1_hidden_layer_steps10.pt	donor_type::aliphatic	donor_type::aliphatic	0,1	0,1	-9.952465,6.908094
Squi_TAIAT_QNR60311.1	Squi_TAIAT_QNR60311.1	/content/drive/MyDrive/CS_5782_Final_Project/code_and_data/BAHD_lastLayer_embeddings/Squi_TAIAT_QNR60311.1_hidden_layer_steps10.pt	donor_type::aliphatic	donor_type::aliphatic	0,1	0,1	-5.429036,12.007255
Sric_SHT_AMB21755.1	Sric_SHT_AMB21755.1	/content/drive/MyDrive/CS_5782_Final_Project/code_and_data/BAHD_lastLayer_embeddings/Sric_SHT_AMB21755.1_hidden_layer_steps10.pt	donor_type::aromatic	donor_type::aromatic	1,0	1,0	3.389765,-0.799650
Ssin_ASAT1_ART34011.1	Ssin_ASAT1_ART34011.1	/content/drive/MyDrive/CS_5782_Final_Project/code_and_data/BAHD_lastLayer_embeddings/Ssin_ASAT1_ART34011.1_hidden_layer_steps10.pt	donor_type::aliphatic	donor_type::aliphatic	0,1	0,1	-10.193642,10.850511
Ssin_ASAT2_ART34012.1	Ssin_ASAT2_ART34012.1	/content/drive/MyDrive/CS_5782_Final_Project/code_and_data/BAHD_lastLayer_embeddings/Ssin_ASAT2_ART34012.1_hidden_layer_steps10.pt	donor_type::aliphatic	donor_type::aliphatic	0,1	0,1	-10.532241,8.490651
Ssin_ASAT3_ART34013.1	Ssin_ASAT3_ART34013.1	/content/drive/MyDrive/CS_5782_Final_Project/code_and_data/BAHD_lastLayer_embeddings/Ssin_ASAT3_ART34013.1_hidden_layer_steps10.pt	donor_type::aliphatic	donor_type::aliphatic	0,1	0,1	-8.133184,10.853645
Ssin_ASAT5_ART34014.1	Ssin_ASAT5_ART34014.1	/content/drive/MyDrive/CS_5782_Final_Project/code_and_data/BAHD_lastLayer_embeddings/Ssin_ASAT5_ART34014.1_hidden_layer_steps10.pt	donor_type::aliphatic	donor_type::aliphatic	0,1	0,1	-7.577248,5.269154
Sspl_5MAT1_AAL50566.1	Sspl_5MAT1_AAL50566.1	/content/drive/MyDrive/CS_5782_Final_Project/code_and_data/BAHD_lastLayer_embeddings/Sspl_5MAT1_AAL50566.1_hidden_layer_steps10.pt	donor_type::aliphatic	donor_type::aliphatic	0,1	0,1	-4.758699,2.818198
Sspl_5MAT2_AAR26385.1	Sspl_5MAT2_AAR26385.1	/content/drive/MyDrive/CS_5782_Final_Project/code_and_data/BAHD_lastLayer_embeddings/Sspl_5MAT2_AAR26385.1_hidden_layer_steps10.pt	donor_type::aliphatic	donor_type::aromatic	0,1	1,0	1.317585,-2.374268
Stub_COSY_M0ZYT4	Stub_COSY_M0ZYT4	/content/drive/MyDrive/CS_5782_Final_Project/code_and_data/BAHD_lastLayer_embeddings/Stub_COSY_M0ZYT4_hidden_layer_steps10.pt	donor_type::aromatic	donor_type::aromatic	1,0	1,0	7.049592,-5.916151
Stub_FHT_NP_001275190.1	Stub_FHT_NP_001275190.1	/content/drive/MyDrive/CS_5782_Final_Project/code_and_data/BAHD_lastLayer_embeddings/Stub_FHT_NP_001275190.1_hidden_layer_steps10.pt	donor_type::aromatic	donor_type::aromatic	1,0	1,0	7.218849,-6.673936
Taes_ACT1-1_BCN87078.1	Taes_ACT1-1_BCN87078.1	/content/drive/MyDrive/CS_5782_Final_Project/code_and_data/BAHD_lastLayer_embeddings/Taes_ACT1-1_BCN87078.1_hidden_layer_steps10.pt	donor_type::aromatic	donor_type::aromatic	1,0	1,0	7.562147,-10.772023
Taes_ACT1-2_BCN87079.1	Taes_ACT1-2_BCN87079.1	/content/drive/MyDrive/CS_5782_Final_Project/code_and_data/BAHD_lastLayer_embeddings/Taes_ACT1-2_BCN87079.1_hidden_layer_steps10.pt	donor_type::aromatic	donor_type::aromatic	1,0	1,0	9.829562,-12.144992
Taes_ACT2_AMY96376.1	Taes_ACT2_AMY96376.1	/content/drive/MyDrive/CS_5782_Final_Project/code_and_data/BAHD_lastLayer_embeddings/Taes_ACT2_AMY96376.1_hidden_layer_steps10.pt	donor_type::aromatic	donor_type::aromatic	1,0	1,0	3.572190,-6.063002
Tant_HQT1_QCI44191.1	Tant_HQT1_QCI44191.1	/content/drive/MyDrive/CS_5782_Final_Project/code_and_data/BAHD_lastLayer_embeddings/Tant_HQT1_QCI44191.1_hidden_layer_steps10.pt	donor_type::aromatic	donor_type::aromatic	1,0	1,0	6.629353,-5.979410
Tant_HQT2_QBQ52948.1	Tant_HQT2_QBQ52948.1	/content/drive/MyDrive/CS_5782_Final_Project/code_and_data/BAHD_lastLayer_embeddings/Tant_HQT2_QBQ52948.1_hidden_layer_steps10.pt	donor_type::aromatic	donor_type::aromatic	1,0	1,0	7.125169,-7.042135
Tcan_TAX10_AAM75818.1	Tcan_TAX10_AAM75818.1	/content/drive/MyDrive/CS_5782_Final_Project/code_and_data/BAHD_lastLayer_embeddings/Tcan_TAX10_AAM75818.1_hidden_layer_steps10.pt	donor_type::aromatic	donor_type::aliphatic	1,0	0,1	-5.782625,4.619940
Tcus_BAPT_AAL92459.1	Tcus_BAPT_AAL92459.1	/content/drive/MyDrive/CS_5782_Final_Project/code_and_data/BAHD_lastLayer_embeddings/Tcus_BAPT_AAL92459.1_hidden_layer_steps10.pt	donor_type::aromatic	donor_type::aromatic	1,0	1,0	4.385966,-1.136880
Tcus_DBAT_AAF27621.1	Tcus_DBAT_AAF27621.1	/content/drive/MyDrive/CS_5782_Final_Project/code_and_data/BAHD_lastLayer_embeddings/Tcus_DBAT_AAF27621.1_hidden_layer_steps10.pt	donor_type::aliphatic	donor_type::aromatic;donor_type::aliphatic	0,1	1,1	0.221887,2.823519
Tcus_TBT_AAG38049.1	Tcus_DBBT_AAG38049.1	/content/drive/MyDrive/CS_5782_Final_Project/code_and_data/BAHD_lastLayer_embeddings/Tcus_TBT_AAG38049.1_hidden_layer_steps10.pt	donor_type::aromatic	donor_type::aliphatic	1,0	0,1	-2.744302,3.817737
Tcus_DBNTBT_AAM75818.1	Tcus_DBNTBT_AAM75818.1	/content/drive/MyDrive/CS_5782_Final_Project/code_and_data/BAHD_lastLayer_embeddings/Tcus_DBNTBT_AAM75818.1_hidden_layer_steps10.pt	donor_type::aromatic	donor_type::aliphatic	1,0	0,1	-5.782625,4.619940
Tcus_TAT_AAF34254.1	Tcus_TAT_AAF34254.1	/content/drive/MyDrive/CS_5782_Final_Project/code_and_data/BAHD_lastLayer_embeddings/Tcus_TAT_AAF34254.1_hidden_layer_steps10.pt	donor_type::aliphatic	donor_type::aliphatic	0,1	0,1	-2.825608,2.668046
Tcus_TAX19_AAU89980.1	Tcus_TAX19_AAU89980.1	/content/drive/MyDrive/CS_5782_Final_Project/code_and_data/BAHD_lastLayer_embeddings/Tcus_TAX19_AAU89980.1_hidden_layer_steps10.pt	donor_type::aliphatic		0,1	0,0	-1.741686,-0.925394
Tcus_TAT_AAF34254.1	Tcus_TAX1_AAF34254.1	/content/drive/MyDrive/CS_5782_Final_Project/code_and_data/BAHD_lastLayer_embeddings/Tcus_TAT_AAF34254.1_hidden_layer_steps10.pt	donor_type::aliphatic	donor_type::aliphatic	0,1	0,1	-2.352982,2.509374
Tcus_TBT_AAG38049.1	Tcus_TBT_AAG38049.1	/content/drive/MyDrive/CS_5782_Final_Project/code_and_data/BAHD_lastLayer_embeddings/Tcus_TBT_AAG38049.1_hidden_layer_steps10.pt	donor_type::aliphatic	donor_type::aromatic	0,1	1,0	2.278630,-2.262192
Tmed_BAHD22_QDM39185.1	Tmed_BAHD22_QDM39185.1	/content/drive/MyDrive/CS_5782_Final_Project/code_and_data/BAHD_lastLayer_embeddings/Tmed_BAHD22_QDM39185.1_hidden_layer_steps10.pt	donor_type::aliphatic	donor_type::aromatic;donor_type::aliphatic	0,1	1,1	0.764930,0.245457
Tmed_BAHD6-13_BEK82039.1	Tmed_BAHD6-13_BEK82039.1	/content/drive/MyDrive/CS_5782_Final_Project/code_and_data/BAHD_lastLayer_embeddings/Tmed_BAHD6-13_BEK82039.1_hidden_layer_steps10.pt	donor_type::aliphatic	donor_type::aliphatic	0,1	0,1	-0.711866,1.446222
Tmed_DBAT_QDM39186.1	Tmed_DBAT_QDM39186.1	/content/drive/MyDrive/CS_5782_Final_Project/code_and_data/BAHD_lastLayer_embeddings/Tmed_DBAT_QDM39186.1_hidden_layer_steps10.pt	donor_type::aliphatic	donor_type::aliphatic	0,1	0,1	-5.048832,4.890846
Tmed_TAT_QDM39184.1	Tmed_TAT_QDM39184.1	/content/drive/MyDrive/CS_5782_Final_Project/code_and_data/BAHD_lastLayer_embeddings/Tmed_TAT_QDM39184.1_hidden_layer_steps10.pt	donor_type::aliphatic		0,1	0,0	-1.291978,-0.988151
Tpra_HST_ACI16630.1	Tpra_HCT1A_ACI16630.1	/content/drive/MyDrive/CS_5782_Final_Project/code_and_data/BAHD_lastLayer_embeddings/Tpra_HST_ACI16630.1_hidden_layer_steps10.pt	donor_type::aromatic	donor_type::aromatic	1,0	1,0	8.571289,-9.926447
Tpra_HMT_ACI16631.1	Tpra_HCT2_ACI16631.1	/content/drive/MyDrive/CS_5782_Final_Project/code_and_data/BAHD_lastLayer_embeddings/Tpra_HMT_ACI16631.1_hidden_layer_steps10.pt	donor_type::aromatic	donor_type::aromatic	1,0	1,0	8.515558,-3.449135
Tpra_HDT1_AXB87812.1	Tpra_HDT1_AXB87812.1	/content/drive/MyDrive/CS_5782_Final_Project/code_and_data/BAHD_lastLayer_embeddings/Tpra_HDT1_AXB87812.1_hidden_layer_steps10.pt	donor_type::aromatic	donor_type::aromatic	1,0	1,0	6.737829,-6.932281
Tpra_HDT1_AXB87812.1	Tpra_HDT_AXB87812.1	/content/drive/MyDrive/CS_5782_Final_Project/code_and_data/BAHD_lastLayer_embeddings/Tpra_HDT1_AXB87812.1_hidden_layer_steps10.pt	donor_type::aromatic	donor_type::aromatic	1,0	1,0	6.737829,-6.932281
Tpra_HMT_ACI16631.1	Tpra_HMT_ACI16631.1	/content/drive/MyDrive/CS_5782_Final_Project/code_and_data/BAHD_lastLayer_embeddings/Tpra_HMT_ACI16631.1_hidden_layer_steps10.pt	donor_type::aromatic	donor_type::aromatic	1,0	1,0	7.145384,-2.974782
Tpra_HST_ACI16630.1	Tpra_HST_ACI16630.1	/content/drive/MyDrive/CS_5782_Final_Project/code_and_data/BAHD_lastLayer_embeddings/Tpra_HST_ACI16630.1_hidden_layer_steps10.pt	donor_type::aromatic	donor_type::aromatic	1,0	1,0	8.084184,-7.664999
Twal_DBAT_AFD32413.1	Twal_DBAT_AFD32413.1	/content/drive/MyDrive/CS_5782_Final_Project/code_and_data/BAHD_lastLayer_embeddings/Twal_DBAT_AFD32413.1_hidden_layer_steps10.pt	donor_type::aliphatic	donor_type::aliphatic	0,1	0,1	-2.141171,1.716503
Vhyb_3MAT1_AAS77402.1	Vhyb_3MAT1_AAS77402.1	/content/drive/MyDrive/CS_5782_Final_Project/code_and_data/BAHD_lastLayer_embeddings/Vhyb_3MAT1_AAS77402.1_hidden_layer_steps10.pt	donor_type::aliphatic	donor_type::aromatic	0,1	1,0	2.331811,-2.563800
Vlab_AMAT_AAW22989.1	Vlab_AMAT_AAW22989.1	/content/drive/MyDrive/CS_5782_Final_Project/code_and_data/BAHD_lastLayer_embeddings/Vlab_AMAT_AAW22989.1_hidden_layer_steps10.pt	donor_type::aromatic;donor_type::aliphatic	donor_type::aromatic;donor_type::aliphatic	1,1	1,1	4.638610,1.965049
Vvin_3AT_AKF15588.1	Vvin_3AT_AKF15588.1	/content/drive/MyDrive/CS_5782_Final_Project/code_and_data/BAHD_lastLayer_embeddings/Vvin_3AT_AKF15588.1_hidden_layer_steps10.pt	donor_type::aromatic;donor_type::aliphatic	donor_type::aliphatic	1,1	0,1	-2.226804,3.490301
Vvin_AAT2_CBI26419.3	Vvin_AAT2_CBI26419.3	/content/drive/MyDrive/CS_5782_Final_Project/code_and_data/BAHD_lastLayer_embeddings/Vvin_AAT2_CBI26419.3_hidden_layer_steps10.pt	donor_type::aliphatic	donor_type::aromatic;donor_type::aliphatic	0,1	1,1	1.699134,0.884456
Vvin_SHT_QNO39112.1	Vvin_SHT_QNO39112.1	/content/drive/MyDrive/CS_5782_Final_Project/code_and_data/BAHD_lastLayer_embeddings/Vvin_SHT_QNO39112.1_hidden_layer_steps10.pt	donor_type::aromatic	donor_type::aromatic	1,0	1,0	4.284605,-0.986517
Wlon_BAT1_NA	Wlon_BAT1_NA	/content/drive/MyDrive/CS_5782_Final_Project/code_and_data/BAHD_lastLayer_embeddings/Wlon_BAT1_NA_hidden_layer_steps10.pt	donor_type::aliphatic	donor_type::aliphatic	0,1	0,1	-2.723246,2.626051
Wlon_BAT2_NA	Wlon_BAT2_NA	/content/drive/MyDrive/CS_5782_Final_Project/code_and_data/BAHD_lastLayer_embeddings/Wlon_BAT2_NA_hidden_layer_steps10.pt	donor_type::aliphatic	donor_type::aliphatic	0,1	0,1	-2.926869,3.467812
Wlon_BAT3_NA	Wlon_BAT3_NA	/content/drive/MyDrive/CS_5782_Final_Project/code_and_data/BAHD_lastLayer_embeddings/Wlon_BAT3_NA_hidden_layer_steps10.pt	donor_type::aliphatic	donor_type::aliphatic	0,1	0,1	-4.407272,2.409309
Wvil_BAT1_WvBAHD8	Wvil_BAT1_WvBAHD8	/content/drive/MyDrive/CS_5782_Final_Project/code_and_data/BAHD_lastLayer_embeddings/Wvil_BAT1_WvBAHD8_hidden_layer_steps10.pt	donor_type::aliphatic	donor_type::aromatic	0,1	1,0	2.762488,-1.882677
Wvil_BAT2_WvBAHD14	Wvil_BAT2_WvBAHD14	/content/drive/MyDrive/CS_5782_Final_Project/code_and_data/BAHD_lastLayer_embeddings/Wvil_BAT2_WvBAHD14_hidden_layer_steps10.pt	donor_type::aliphatic	donor_type::aliphatic	0,1	0,1	-1.718079,5.942222
Wvil_BAT3_WvBAHD39	Wvil_BAT3_WvBAHD39	/content/drive/MyDrive/CS_5782_Final_Project/code_and_data/BAHD_lastLayer_embeddings/Wvil_BAT3_WvBAHD39_hidden_layer_steps10.pt	donor_type::aliphatic	donor_type::aliphatic	0,1	0,1	-2.659313,2.826885
Wvil_BAT4_WvBAHD40	Wvil_BAT4_WvBAHD40	/content/drive/MyDrive/CS_5782_Final_Project/code_and_data/BAHD_lastLayer_embeddings/Wvil_BAT4_WvBAHD40_hidden_layer_steps10.pt	donor_type::aliphatic	donor_type::aliphatic	0,1	0,1	-6.086595,7.338307
Wvil_BAT5_WvBAHD50	Wvil_BAT5_WvBAHD50	/content/drive/MyDrive/CS_5782_Final_Project/code_and_data/BAHD_lastLayer_embeddings/Wvil_BAT5_WvBAHD50_hidden_layer_steps10.pt	donor_type::aliphatic	donor_type::aromatic	0,1	1,0	2.764297,-0.421509
Wvil_BAT6_WvBAHD28	Wvil_BAT6_WvBAHD28	/content/drive/MyDrive/CS_5782_Final_Project/code_and_data/BAHD_lastLayer_embeddings/Wvil_BAT6_WvBAHD28_hidden_layer_steps10.pt	donor_type::aliphatic	donor_type::aromatic	0,1	1,0	9.079574,-8.765215
Zmay_AAT1_ONM11762.1	Zmay_AAT1_ONM11762.1	/content/drive/MyDrive/CS_5782_Final_Project/code_and_data/BAHD_lastLayer_embeddings/Zmay_AAT1_ONM11762.1_hidden_layer_steps10.pt	donor_type::aliphatic	donor_type::aliphatic	0,1	0,1	-8.210417,4.973498
Zmay_CAT_ACF87722.1	Zmay_CAT_ACF87722.1	/content/drive/MyDrive/CS_5782_Final_Project/code_and_data/BAHD_lastLayer_embeddings/Zmay_CAT_ACF87722.1_hidden_layer_steps10.pt	donor_type::aromatic	donor_type::aromatic	1,0	1,0	4.214196,-6.595715
Zmay_FMT_AQK78565.1	Zmay_FMT_AQK78565.1	/content/drive/MyDrive/CS_5782_Final_Project/code_and_data/BAHD_lastLayer_embeddings/Zmay_FMT_AQK78565.1_hidden_layer_steps10.pt	donor_type::aromatic	donor_type::aromatic	1,0	1,0	3.314615,-1.463281
