family	task	label	positive_count	negative_count	test_size	random_seed	model	Accuracy	Balanced Accuracy	ROC AUC	F1 Score	Precision	Recall	Time Taken
BAHD	donor	donor_type::aromatic	213	153	0.25	1	RidgeClassifier	0.9456521739130435	0.945906432748538	0.9751461988304093	0.9457511200705023	0.9460781220420269	0.9456521739130435	0.07990431785583496
BAHD	donor	donor_type::aromatic	213	153	0.25	1	RidgeClassifierCV	0.9456521739130435	0.945906432748538	0.9741715399610136	0.9457511200705023	0.9460781220420269	0.9456521739130435	0.11564135551452637
BAHD	donor	donor_type::aromatic	213	153	0.25	1	LinearDiscriminantAnalysis	0.9456521739130435	0.945906432748538	0.9434697855750487	0.9457511200705023	0.9460781220420269	0.9456521739130435	0.191422700881958
BAHD	donor	donor_type::aromatic	213	153	0.25	1	BaggingClassifier	0.9239130434782609	0.9195906432748537	0.9410331384015594	0.9237548198377875	0.9238222412135456	0.9239130434782609	1.7487373352050781
BAHD	donor	donor_type::aromatic	213	153	0.25	1	ExtraTreesClassifier	0.9239130434782609	0.915692007797271	0.9629629629629629	0.9233778149799592	0.9249101013403073	0.9239130434782609	0.26308560371398926
BAHD	donor	donor_type::aromatic	213	153	0.25	1	PassiveAggressiveClassifier	0.9130434782608695	0.9142300194931774	0.9595516569200779	0.9133379609179445	0.9145066889632107	0.9130434782608695	0.09045791625976562
BAHD	donor	donor_type::aromatic	213	153	0.25	1	RandomForestClassifier	0.9130434782608695	0.9025341130604287	0.9600389863547758	0.9121808143547274	0.9149836846282741	0.9130434782608695	0.7177481651306152
BAHD	donor	donor_type::aromatic	213	153	0.25	1	LinearSVC	0.8913043478260869	0.8918128654970761	0.9576023391812866	0.8916724511474307	0.8928929765886288	0.8913043478260869	0.4247317314147949
BAHD	donor	donor_type::aromatic	213	153	0.25	1	LogisticRegression	0.8913043478260869	0.8879142300194932	0.96588693957115	0.8913043478260869	0.8913043478260869	0.8913043478260869	0.13089799880981445
BAHD	donor	donor_type::aromatic	213	153	0.25	1	Perceptron	0.8804347826086957	0.8864522417153996	0.9522417153996101	0.8812229987127975	0.8872185881430429	0.8804347826086957	0.06766772270202637
BAHD	donor	donor_type::aromatic	213	153	0.25	1	SGDClassifier	0.8913043478260869	0.8840155945419104	0.9571150097465887	0.8908236299540648	0.8912180814354728	0.8913043478260869	0.09830164909362793
BAHD	donor	donor_type::aromatic	213	153	0.25	1	SVC	0.8804347826086957	0.8669590643274854	0.9532163742690059	0.8788699879151786	0.8828632679037984	0.8804347826086957	0.1172492504119873
BAHD	donor	donor_type::aromatic	213	153	0.25	1	LGBMClassifier	0.8804347826086957	0.8669590643274854	0.9678362573099415	0.8788699879151786	0.8828632679037984	0.8804347826086957	2.7034108638763428
BAHD	donor	donor_type::aromatic	213	153	0.25	1	AdaBoostClassifier	0.8695652173913043	0.8576998050682261	0.9600389863547759	0.8682712215320911	0.8704471293764883	0.8695652173913043	5.107099771499634
BAHD	donor	donor_type::aromatic	213	153	0.25	1	NuSVC	0.8586956521739131	0.8523391812865497	0.9342105263157894	0.8584018082701769	0.8583164191859843	0.8586956521739131	0.12602782249450684
BAHD	donor	donor_type::aromatic	213	153	0.25	1	CalibratedClassifierCV	0.8586956521739131	0.844541910331384	0.9663742690058479	0.856846349354302	0.8603983832428931	0.8586956521739131	1.7390632629394531
BAHD	donor	donor_type::aromatic	213	153	0.25	1	GaussianNB	0.8369565217391305	0.8416179337231968	0.8659844054580897	0.8380313618810875	0.8440498545221932	0.8369565217391305	0.06268048286437988
BAHD	donor	donor_type::aromatic	213	153	0.25	1	XGBClassifier	0.8478260869565217	0.8391812865497076	0.9576023391812866	0.8471530819356906	0.8473084886128364	0.8478260869565217	2.783902645111084
BAHD	donor	donor_type::aromatic	213	153	0.25	1	BernoulliNB	0.8369565217391305	0.8377192982456141	0.8635477582846004	0.8377230914380062	0.840278210966253	0.8369565217391305	0.06732892990112305
BAHD	donor	donor_type::aromatic	213	153	0.25	1	DecisionTreeClassifier	0.8369565217391305	0.8377192982456141	0.8377192982456141	0.8377230914380062	0.840278210966253	0.8369565217391305	0.35146164894104004
BAHD	donor	donor_type::aromatic	213	153	0.25	1	NearestCentroid	0.8369565217391305	0.8377192982456141	0.8591617933723197	0.8377230914380062	0.840278210966253	0.8369565217391305	0.10313010215759277
BAHD	donor	donor_type::aromatic	213	153	0.25	1	KNeighborsClassifier	0.8478260869565217	0.8352826510721247	0.9178849902534114	0.846316425120773	0.8481788517505953	0.8478260869565217	0.07912778854370117
BAHD	donor	donor_type::aromatic	213	153	0.25	1	ExtraTreeClassifier	0.8152173913043478	0.8153021442495126	0.8153021442495128	0.816086170296407	0.818695028382509	0.8152173913043478	0.055028438568115234
BAHD	donor	donor_type::aromatic	213	153	0.25	1	QuadraticDiscriminantAnalysis	0.6304347826086957	0.6851851851851851	0.6851851851851851	0.6026492896058113	0.8049516908212561	0.6304347826086957	0.1434330940246582
BAHD	donor	donor_type::aromatic	213	153	0.25	1	LabelPropagation	0.5760869565217391	0.6388888888888888		0.5281663516068053	0.7907961603613778	0.5760869565217391	0.08861088752746582
BAHD	donor	donor_type::aromatic	213	153	0.25	1	LabelSpreading	0.5760869565217391	0.6388888888888888		0.5281663516068053	0.7907961603613778	0.5760869565217391	0.10295844078063965
BAHD	donor	donor_type::aromatic	213	153	0.25	1	DummyClassifier	0.5869565217391305	0.5	0.5	0.4341870160810005	0.3445179584120983	0.5869565217391305	0.054175615310668945
BAHD	donor	donor_type::aliphatic	175	191	0.25	1	Perceptron	0.9239130434782609	0.9261363636363636	0.9554924242424242	0.9238680907685115	0.9293039763933885	0.9239130434782609	0.23096919059753418
BAHD	donor	donor_type::aliphatic	175	191	0.25	1	LinearSVC	0.9130434782608695	0.9147727272727273	0.9630681818181818	0.9130434782608695	0.916501976284585	0.9130434782608695	0.4524564743041992
BAHD	donor	donor_type::aliphatic	175	191	0.25	1	LGBMClassifier	0.9130434782608695	0.9128787878787878	0.9630681818181818	0.9130434782608695	0.9130434782608695	0.9130434782608695	2.6828672885894775
BAHD	donor	donor_type::aliphatic	175	191	0.25	1	PassiveAggressiveClassifier	0.9021739130434783	0.9034090909090908	0.9573863636363636	0.902208590848142	0.9041628122109159	0.9021739130434783	0.11813616752624512
BAHD	donor	donor_type::aliphatic	175	191	0.25	1	CalibratedClassifierCV	0.9021739130434783	0.9034090909090908	0.962594696969697	0.902208590848142	0.9041628122109159	0.9021739130434783	1.6830174922943115
BAHD	donor	donor_type::aliphatic	175	191	0.25	1	LogisticRegression	0.9021739130434783	0.9034090909090908	0.962121212121212	0.902208590848142	0.9041628122109159	0.9021739130434783	0.12937450408935547
BAHD	donor	donor_type::aliphatic	175	191	0.25	1	XGBClassifier	0.9021739130434783	0.9024621212121212	0.9531249999999999	0.9022086236597846	0.9024565731318738	0.9021739130434783	3.3603482246398926
BAHD	donor	donor_type::aliphatic	175	191	0.25	1	SVC	0.8913043478260869	0.8948863636363636	0.9408143939393939	0.8908926218708828	0.9041806020066888	0.8913043478260869	0.11444735527038574
BAHD	donor	donor_type::aliphatic	175	191	0.25	1	RidgeClassifierCV	0.8913043478260869	0.893939393939394	0.9289772727272728	0.8911501695960531	0.8986335403726706	0.8913043478260869	0.11772465705871582
BAHD	donor	donor_type::aliphatic	175	191	0.25	1	RandomForestClassifier	0.8913043478260869	0.8929924242424242	0.9538352272727273	0.8913043478260869	0.8946805006587616	0.8913043478260869	0.9228231906890869
BAHD	donor	donor_type::aliphatic	175	191	0.25	1	ExtraTreesClassifier	0.8913043478260869	0.8920454545454546	0.9422348484848485	0.8913557405694315	0.8922495274102079	0.8913043478260869	0.2586789131164551
BAHD	donor	donor_type::aliphatic	175	191	0.25	1	NuSVC	0.8804347826086957	0.8835227272727273	0.9346590909090908	0.8801378140025199	0.8901503337284012	0.8804347826086957	0.1294419765472412
BAHD	donor	donor_type::aliphatic	175	191	0.25	1	LinearDiscriminantAnalysis	0.8695652173913043	0.8712121212121212	0.8993844696969696	0.8695652173913043	0.8728590250329382	0.8695652173913043	0.23294878005981445
BAHD	donor	donor_type::aliphatic	175	191	0.25	1	RidgeClassifier	0.8695652173913043	0.8712121212121212	0.9261363636363636	0.8695652173913043	0.8728590250329382	0.8695652173913043	0.18235111236572266
BAHD	donor	donor_type::aliphatic	175	191	0.25	1	AdaBoostClassifier	0.8695652173913043	0.8683712121212122	0.9370265151515151	0.8693795010420751	0.8700207039337474	0.8695652173913043	4.007817506790161
BAHD	donor	donor_type::aliphatic	175	191	0.25	1	BaggingClassifier	0.8586956521739131	0.8579545454545454	0.9405776515151515	0.8586119311478282	0.8587317636862631	0.8586956521739131	1.5170516967773438
BAHD	donor	donor_type::aliphatic	175	191	0.25	1	GaussianNB	0.8478260869565217	0.8503787878787878	0.8716856060606061	0.8476102374344743	0.8546583850931677	0.8478260869565217	0.059797048568725586
BAHD	donor	donor_type::aliphatic	175	191	0.25	1	QuadraticDiscriminantAnalysis	0.8369565217391305	0.8380681818181819	0.8380681818181819	0.8370143180802367	0.8388529139685477	0.8369565217391305	0.17531394958496094
BAHD	donor	donor_type::aliphatic	175	191	0.25	1	SGDClassifier	0.8369565217391305	0.8380681818181819	0.9403409090909092	0.8370143180802367	0.8388529139685477	0.8369565217391305	0.11316633224487305
BAHD	donor	donor_type::aliphatic	175	191	0.25	1	KNeighborsClassifier	0.8369565217391305	0.8361742424242424	0.9199810606060606	0.8368599205551864	0.836961680526609	0.8369565217391305	0.06293821334838867
BAHD	donor	donor_type::aliphatic	175	191	0.25	1	BernoulliNB	0.8152173913043478	0.8181818181818181	0.8366477272727273	0.8147584398220759	0.823841307466783	0.8152173913043478	0.06436729431152344
BAHD	donor	donor_type::aliphatic	175	191	0.25	1	NearestCentroid	0.8043478260869565	0.8068181818181819	0.8456439393939393	0.8040703052728956	0.8106832298136645	0.8043478260869565	0.09446144104003906
BAHD	donor	donor_type::aliphatic	175	191	0.25	1	ExtraTreeClassifier	0.8043478260869565	0.803030303030303	0.803030303030303	0.8040692515631127	0.8045548654244307	0.8043478260869565	0.05518698692321777
BAHD	donor	donor_type::aliphatic	175	191	0.25	1	DecisionTreeClassifier	0.7934782608695652	0.7945075757575758	0.7945075757575758	0.7935514695682997	0.795312981806969	0.7934782608695652	0.35106515884399414
BAHD	donor	donor_type::aliphatic	175	191	0.25	1	LabelPropagation	0.5652173913043478	0.5464015151515151		0.4616482803374432	0.6836872261543647	0.5652173913043478	0.0863945484161377
BAHD	donor	donor_type::aliphatic	175	191	0.25	1	LabelSpreading	0.5652173913043478	0.5464015151515151		0.4616482803374432	0.6836872261543647	0.5652173913043478	0.1054983139038086
BAHD	donor	donor_type::aliphatic	175	191	0.25	1	DummyClassifier	0.5217391304347826	0.5	0.5	0.35776397515527947	0.2722117202268431	0.5217391304347826	0.05317950248718262
